poi_idx,region_idx,hotness_idx
0,815,1
1,1239,1
2,776,0
3,1008,1
4,815,1
5,815,1
6,1208,2
7,1128,1
8,1322,1
9,814,0
10,1315,0
11,1403,0
12,917,0
13,1208,0
14,1125,1
15,1319,0
16,1005,0
17,1458,0
18,1319,2
19,1301,3
20,771,1
21,808,1
22,1320,1
23,1579,1
24,577,1
25,568,0
26,753,1
27,1124,1
28,1507,0
29,770,0
30,771,0
31,1516,0
32,664,0
33,1458,7
34,1159,1
35,959,4
36,1459,1
37,932,20
38,1378,9
39,1731,0
40,1403,1
41,699,3
42,1235,1
43,1516,92
44,1297,89
45,1321,4
46,1006,29
47,1006,1
48,1471,9
49,874,0
50,1006,0
51,771,0
52,1296,0
53,1208,2
54,960,3
55,920,0
56,771,1
57,771,0
58,771,1
59,1517,1
60,771,0
61,873,1
62,1517,0
63,976,10
64,1296,2
65,1515,1
66,873,0
67,1319,2
68,963,0
69,1082,1
70,1515,4
71,770,4
72,960,0
73,1376,1
74,476,57
75,770,1
76,1043,18
77,643,3
78,767,2
79,727,8
80,352,40
81,374,35
82,878,0
83,563,7
84,636,5
85,497,0
86,879,8
87,776,2
88,1509,90
89,1318,4
90,708,3
91,547,16
92,744,11
93,1007,6
94,754,28
95,635,35
96,812,3
97,1125,26
98,814,2
99,1006,0
100,1319,59
101,1480,1
102,1376,34
103,71,24
104,435,36
105,1295,2
106,1318,1
107,1124,36
108,1274,12
109,1240,11
110,1201,88
111,932,0
112,929,3
113,1036,53
114,1375,0
115,1375,21
116,839,31
117,446,30
118,571,50
119,1375,4
120,701,1
121,1006,0
122,1509,0
123,664,19
124,1238,0
125,776,29
126,667,2
127,922,1
128,1082,11
129,1237,5
130,577,76
131,1608,14
132,569,45
133,771,14
134,1453,2
135,1174,66
136,1474,14
137,1618,7
138,424,11
139,1606,0
140,1357,7
141,1355,86
142,1377,33
143,1375,93
144,1374,59
145,1351,5
146,1479,43
147,1568,63
148,1485,12
149,1461,13
150,1520,72
151,870,3
152,1322,30
153,713,2
154,1125,3
155,1006,2
156,540,0
157,1375,7
158,1375,4
159,1057,82
160,1057,1
161,808,0
162,1082,0
163,916,47
164,1509,0
165,564,52
166,333,0
167,815,1
168,1479,2
169,1084,6
170,400,5
171,419,18
172,1280,8
173,1280,23
174,742,3
175,999,77
176,1015,3
177,1132,19
178,1209,26
179,1271,10
180,1168,0
181,884,15
182,1323,0
183,319,0
184,374,4
185,1094,41
186,960,1
187,960,1
188,644,25
189,784,2
190,975,91
191,1123,1
192,1568,7
193,48,64
194,340,30
195,932,14
196,1514,35
197,777,0
198,653,22
199,1516,8
200,1321,5
201,771,0
202,810,6
203,698,10
204,968,15
205,875,5
206,604,5
207,801,3
208,693,43
209,754,85
210,995,70
211,905,56
212,461,6
213,285,38
214,1125,0
215,630,0
216,771,3
217,1202,19
218,414,2
219,777,1
220,174,13
221,131,80
222,1295,24
223,776,1
224,143,5
225,1498,11
226,873,12
227,1510,0
228,1164,12
229,762,2
230,1502,14
231,960,2
232,927,0
233,421,3
234,809,0
235,767,33
236,808,3
237,1319,21
238,1238,6
239,1431,6
240,816,0
241,974,1
242,1375,1
243,1404,0
244,1294,6
245,1369,4
246,1347,8
247,776,2
248,471,3
249,541,6
250,603,3
251,1085,23
252,1166,16
253,521,2
254,734,0
255,1515,1
256,499,14
257,1124,0
258,331,9
259,1403,29
260,1510,2
261,1297,7
262,221,74
263,1732,2
264,569,1
265,1703,31
266,516,1
267,1509,1
268,1378,6
269,1304,6
270,1307,43
271,1371,6
272,964,50
273,1515,1
274,1116,15
275,1082,1
276,1571,48
277,562,12
278,1039,7
279,1377,1
280,1300,72
281,1298,1
282,1543,79
283,208,13
284,777,15
285,219,16
286,467,6
287,538,6
288,595,4
289,418,1
290,461,51
291,531,17
292,594,6
293,392,5
294,1104,4
295,339,1
296,270,12
297,1214,0
298,966,7
299,108,15
300,542,44
301,1650,23
302,1120,1
303,200,81
304,134,38
305,28,57
306,770,5
307,753,23
308,754,6
309,232,21
310,138,22
311,138,2
312,150,25
313,1516,32
314,1168,3
315,423,1
316,736,7
317,666,2
318,518,0
319,99,4
320,58,7
321,1210,13
322,1283,7
323,1212,20
324,1580,55
325,454,13
326,510,4
327,1432,7
328,998,2
329,406,4
330,655,16
331,1166,0
332,869,58
333,285,6
334,1236,78
335,1509,0
336,1404,4
337,1300,9
338,1163,0
339,1244,38
340,815,1
341,1086,31
342,911,14
343,1078,1
344,251,19
345,238,0
346,1448,27
347,1510,0
348,1198,3
349,1302,8
350,1726,5
351,1540,24
352,1345,15
353,1278,35
354,873,0
355,1507,22
356,960,1
357,717,8
358,626,9
359,922,31
360,1320,15
361,1533,6
362,1467,1
363,1401,3
364,288,5
365,287,2
366,695,6
367,1330,5
368,1089,32
369,1549,2
370,875,0
371,1543,1
372,967,19
373,1448,1
374,1516,2
375,771,0
376,1005,0
377,771,1
378,352,2
379,171,54
380,1124,0
381,1404,0
382,1200,1
383,716,3
384,631,9
385,471,1
386,1376,1
387,442,12
388,677,8
389,1375,11
390,1639,19
391,1317,1
392,395,5
393,770,0
394,575,1
395,1030,43
396,1168,12
397,1125,2
398,144,1
399,1372,19
400,707,10
401,598,14
402,872,3
403,961,5
404,800,0
405,815,0
406,1366,3
407,332,1
408,1467,20
409,770,1
410,12,2
411,921,1
412,495,0
413,1509,8
414,1509,17
415,1010,1
416,775,3
417,217,2
418,131,2
419,778,1
420,10,6
421,1129,40
422,343,3
423,1332,46
424,1265,21
425,881,3
426,869,3
427,1518,22
428,815,12
429,1112,1
430,1085,2
431,1514,0
432,872,1
433,1089,0
434,735,7
435,574,7
436,871,1
437,1509,0
438,441,3
439,966,1
440,1018,19
441,335,13
442,1553,4
443,1599,7
444,1690,7
445,443,2
446,443,2
447,1078,1
448,470,1
449,1200,0
450,960,0
451,1740,16
452,867,0
453,120,0
454,1319,0
455,1439,2
456,90,18
457,397,1
458,1334,11
459,478,3
460,613,1
461,814,3
462,814,5
463,771,4
464,531,0
465,969,3
466,771,1
467,771,2
468,1343,3
469,770,0
470,561,2
471,257,1
472,878,1
473,1301,5
474,1173,1
475,878,0
476,1265,1
477,1672,0
478,1516,0
479,710,1
480,1719,20
481,382,0
482,1376,42
483,1516,6
484,1553,1
485,1535,3
486,550,32
487,324,16
488,777,4
489,112,4
490,1295,0
491,888,2
492,322,1
493,143,1
494,659,2
495,1452,1
496,1452,3
497,1429,40
498,1322,1
499,338,4
500,839,1
501,378,2
502,551,1
503,880,0
504,259,14
505,35,4
506,105,5
507,999,6
508,1087,12
509,1352,37
510,881,3
511,1157,0
512,999,1
513,770,0
514,1275,3
515,1157,20
516,869,0
517,1196,12
518,1159,6
519,1378,3
520,1327,5
521,514,5
522,1045,14
523,1099,14
524,1296,0
525,938,0
526,1509,2
527,822,4
528,1068,4
529,1426,8
530,116,1
531,737,5
532,691,1
533,725,1
534,310,9
535,964,1
536,693,0
537,519,11
538,941,26
539,1515,2
540,191,0
541,512,21
542,585,65
543,88,2
544,777,1
545,1555,2
546,1343,38
547,131,16
548,546,0
549,194,1
550,28,0
551,674,4
552,1376,1
553,143,0
554,1530,49
555,733,1
556,1402,5
557,878,19
558,503,7
559,1091,3
560,1229,1
561,1042,2
562,268,12
563,1117,0
564,1007,3
565,1687,18
566,748,2
567,164,2
568,1125,2
569,1218,2
570,110,2
571,1007,1
572,1122,9
573,474,27
574,1112,2
575,1032,10
576,1502,1
577,770,1
578,999,6
579,1111,26
580,875,1
581,1320,0
582,1083,1
583,1200,0
584,567,3
585,872,0
586,1040,2
587,704,1
588,932,8
589,1509,2
590,1089,2
591,1301,3
592,947,0
593,1315,3
594,1162,1
595,1298,1
596,1243,3
597,1074,4
598,1509,1
599,990,13
600,969,2
601,877,3
602,1377,1
603,1324,5
604,1243,8
605,1373,0
606,777,7
607,1375,2
608,1371,1
609,1376,1
610,835,1
611,1509,1
612,1324,1
613,1512,0
614,61,1
615,1035,1
616,228,20
617,960,0
618,1377,1
619,1318,3
620,894,16
621,1587,20
622,770,0
623,1587,2
624,1246,13
625,1093,3
626,975,1
627,1015,0
628,1355,0
629,577,2
630,1375,7
631,191,28
632,493,15
633,1587,2
634,1375,87
635,1516,0
636,1510,1
637,1248,7
638,1096,0
639,1356,1
640,1356,1
641,1057,1
642,535,8
643,776,2
644,1320,29
645,1341,3
646,1509,2
647,156,4
648,1096,0
649,922,5
650,567,3
651,1137,1
652,523,1
653,873,1
654,1124,0
655,778,40
656,1648,37
657,770,2
658,933,12
659,299,7
660,19,18
661,1317,1
662,1215,8
663,1179,32
664,771,1
665,1072,1
666,1515,22
667,1635,8
668,1509,2
669,237,2
670,1006,0
671,767,0
672,1271,0
673,1403,0
674,1377,6
675,1515,6
676,1319,1
677,78,5
678,322,0
679,457,4
680,1520,1
681,138,1
682,491,15
683,779,0
684,1432,12
685,208,1
686,297,4
687,929,5
688,1266,3
689,373,15
690,983,0
691,1550,17
692,714,0
693,883,1
694,528,42
695,1082,0
696,1332,1
697,778,0
698,358,0
699,872,0
700,770,1
701,828,18
702,848,2
703,648,4
704,839,0
705,983,1
706,582,15
707,618,2
708,825,10
709,497,12
710,431,1
711,302,2
712,967,3
713,1355,0
714,254,0
715,776,0
716,1355,0
717,1427,1
718,770,0
719,1035,0
720,1516,3
721,364,3
722,532,1
723,230,14
724,1426,0
725,382,17
726,1073,2
727,706,8
728,993,4
729,405,0
730,1516,3
731,752,1
732,251,1
733,671,0
734,1078,1
735,1287,20
736,98,10
737,833,7
738,1713,0
739,63,0
740,1509,1
741,475,0
742,776,4
743,340,1
744,1516,2
745,1516,10
746,702,2
747,767,3
748,1506,1
749,1493,45
750,89,16
751,1739,15
752,183,11
753,1642,14
754,272,3
755,1078,4
756,1000,2
757,1215,19
758,771,0
759,1154,8
760,381,9
761,1708,23
762,66,23
763,616,4
764,1096,36
765,1489,10
766,1239,6
767,711,13
768,1738,8
769,1467,61
770,1163,0
771,1522,1
772,1001,1
773,830,20
774,1720,12
775,1406,25
776,1568,3
777,881,5
778,777,6
779,878,4
780,1050,14
781,1429,1
782,1242,0
783,1241,1
784,1430,5
785,1509,1
786,1009,1
787,1162,1
788,1035,0
789,1324,1
790,1352,1
791,1017,3
792,1087,2
793,815,4
794,461,0
795,776,6
796,1208,2
797,1317,2
798,1509,10
799,1178,2
800,461,5
801,1013,1
802,922,0
803,922,1
804,815,1
805,1201,0
806,1082,1
807,64,1
808,702,2
809,815,1
810,1420,1
811,1295,7
812,1085,3
813,1319,0
814,701,16
815,1116,0
816,89,0
817,1376,0
818,1406,4
819,273,0
820,1571,27
821,1322,0
822,792,2
823,975,7
824,1011,3
825,132,8
826,1244,0
827,1515,6
828,1744,6
829,878,0
830,706,0
831,221,1
832,1165,8
833,1204,0
834,1317,1
835,1068,1
836,1068,0
837,444,1
838,1302,3
839,240,3
840,470,1
841,1585,14
842,82,13
843,878,1
844,1521,0
845,1341,5
846,690,15
847,1177,10
848,690,0
849,240,8
850,798,2
851,1278,0
852,753,3
853,221,0
854,1481,8
855,1375,2
856,1436,1
857,776,2
858,1324,1
859,1236,1
860,1296,10
861,1051,1
862,609,10
863,1181,4
864,1125,1
865,979,1
866,304,2
867,934,31
868,1375,0
869,1512,0
870,1375,3
871,1403,0
872,1280,0
873,753,7
874,873,4
875,1292,10
876,291,1
877,124,41
878,753,0
879,1159,1
880,1096,9
881,975,0
882,1238,14
883,1324,2
884,404,6
885,1301,1
886,942,1
887,932,6
888,1055,8
889,229,1
890,604,0
891,776,0
892,1129,1
893,777,2
894,23,49
895,476,0
896,1300,24
897,1703,3
898,1196,1
899,1,20
900,592,0
901,676,1
902,798,1
903,776,1
904,631,0
905,208,1
906,1525,3
907,905,0
908,610,13
909,205,7
910,158,10
911,806,1
912,668,5
913,1350,1
914,369,15
915,1636,14
916,1575,3
917,1545,9
918,1464,1
919,579,1
920,1376,6
921,770,1
922,1047,14
923,274,1
924,295,4
925,1730,3
926,221,3
927,572,1
928,1377,1
929,785,1
930,320,0
931,473,5
932,52,32
933,252,1
934,306,6
935,1458,10
936,862,21
937,571,2
938,215,8
939,298,2
940,352,33
941,303,5
942,1237,1
943,15,6
944,1432,10
945,200,0
946,200,1
947,200,4
948,422,1
949,200,4
950,929,1
951,577,8
952,523,4
953,223,17
954,204,16
955,387,1
956,1236,2
957,1320,5
958,1300,6
959,1244,1
960,1049,1
961,1375,0
962,1168,0
963,1556,1
964,1449,1
965,1319,2
966,1294,1
967,1162,1
968,1168,1
969,975,3
970,814,2
971,1126,5
972,1117,0
973,1277,0
974,1514,0
975,636,2
976,998,0
977,1563,4
978,882,0
979,1672,2
980,379,1
981,1004,0
982,1244,1
983,1517,2
984,1350,1
985,612,2
986,1350,0
987,1516,0
988,1200,0
989,1299,0
990,1128,0
991,1352,2
992,1188,0
993,968,0
994,598,0
995,1511,0
996,771,0
997,776,1
998,234,5
999,1438,12
1000,1116,3
1001,1515,1
1002,1213,6
1003,933,0
1004,221,0
1005,206,1
1006,754,0
1007,770,0
1008,1327,2
1009,856,1
1010,474,0
1011,882,6
1012,1094,0
1013,1301,4
1014,1117,1
1015,1354,3
1016,1319,1
1017,599,2
1018,797,17
1019,374,0
1020,1343,6
1021,1141,1
1022,1375,2
1023,1209,1
1024,208,5
1025,815,1
1026,1295,0
1027,1516,1
1028,684,3
1029,461,0
1030,771,1
1031,968,0
1032,1296,3
1033,1211,1
1034,1538,1
1035,171,0
1036,886,3
1037,1520,1
1038,1057,1
1039,770,0
1040,727,0
1041,401,16
1042,1516,11
1043,1016,1
1044,1050,0
1045,1300,1
1046,1509,1
1047,1515,1
1048,839,0
1049,1633,19
1050,1433,1
1051,1451,1
1052,1298,0
1053,1352,1
1054,295,0
1055,975,1
1056,299,2
1057,1124,1
1058,1376,3
1059,886,1
1060,373,1
1061,1376,2
1062,1300,2
1063,1087,0
1064,316,17
1065,930,2
1066,1299,0
1067,255,0
1068,1000,0
1069,614,16
1070,241,1
1071,485,0
1072,1509,0
1073,1719,1
1074,528,6
1075,1435,27
1076,1110,24
1077,1288,4
1078,1351,3
1079,886,2
1080,478,4
1081,289,12
1082,1035,1
1083,1376,7
1084,325,1
1085,569,14
1086,1022,22
1087,484,0
1088,485,0
1089,484,1
1090,146,1
1091,1667,0
1092,1589,6
1093,1516,0
1094,1516,1
1095,1515,1
1096,128,6
1097,769,0
1098,1078,4
1099,1278,0
1100,726,2
1101,246,14
1102,1301,1
1103,1233,2
1104,1131,5
1105,1193,2
1106,1372,2
1107,713,0
1108,1196,8
1109,1167,0
1110,1052,3
1111,1241,1
1112,1381,6
1113,770,0
1114,1165,1
1115,1321,2
1116,319,9
1117,1317,5
1118,1244,0
1119,932,10
1120,795,2
1121,1560,1
1122,933,0
1123,1084,0
1124,1036,7
1125,913,2
1126,1068,7
1127,815,1
1128,1481,1
1129,776,3
1130,566,1
1131,1043,2
1132,488,1
1133,1377,2
1134,878,1
1135,1124,2
1136,2,1
1137,1375,0
1138,1124,32
1139,770,0
1140,1297,0
1141,1137,0
1142,1082,0
1143,1319,2
1144,1215,4
1145,1078,2
1146,1376,0
1147,512,1
1148,1278,0
1149,442,2
1150,715,1
1151,865,2
1152,1354,1
1153,65,1
1154,1375,6
1155,1280,0
1156,1323,1
1157,1402,1
1158,1455,2
1159,1517,0
1160,921,2
1161,1375,2
1162,1329,0
1163,1245,64
1164,1245,2
1165,1315,5
1166,1278,0
1167,1687,0
1168,771,10
1169,1299,0
1170,664,1
1171,273,0
1172,976,17
1173,1279,0
1174,1162,1
1175,660,0
1176,461,1
1177,27,0
1178,777,1
1179,770,2
1180,864,0
1181,1283,2
1182,1376,1
1183,975,1
1184,1509,8
1185,497,1
1186,776,1
1187,1375,23
1188,497,1
1189,776,0
1190,1373,8
1191,1515,1
1192,1300,7
1193,1283,24
1194,1332,2
1195,200,1
1196,1375,16
1197,1375,2
1198,1321,0
1199,546,0
1200,1428,2
1201,1458,18
1202,1646,0
1203,966,1
1204,1129,0
1205,1046,7
1206,1520,3
1207,806,1
1208,776,7
1209,1374,1
1210,872,0
1211,93,0
1212,1349,1
1213,1516,3
1214,1745,3
1215,1375,1
1216,1019,2
1217,1236,6
1218,885,1
1219,1429,1
1220,150,1
1221,478,0
1222,771,1
1223,1117,0
1224,1516,0
1225,1559,6
1226,703,0
1227,959,1
1228,777,2
1229,1517,1
1230,1035,1
1231,571,0
1232,1075,0
1233,1374,0
1234,932,0
1235,771,1
1236,1352,2
1237,1493,0
1238,1375,2
1239,1124,0
1240,10,2
1241,1702,12
1242,1669,8
1243,1322,1
1244,874,0
1245,1214,2
1246,1520,1
1247,70,0
1248,1205,1
1249,773,6
1250,511,1
1251,1517,2
1252,28,0
1253,1078,75
1254,771,3
1255,925,1
1256,453,2
1257,750,9
1258,1325,0
1259,1369,1
1260,1613,0
1261,1561,0
1262,1574,2
1263,770,1
1264,1516,1
1265,1090,2
1266,1298,0
1267,1430,0
1268,1341,1
1269,334,0
1270,730,1
1271,442,1
1272,352,1
1273,681,3
1274,1000,1
1275,1258,0
1276,1282,0
1277,1431,1
1278,569,0
1279,1353,0
1280,1075,0
1281,221,0
1282,1493,4
1283,1375,4
1284,922,0
1285,776,0
1286,160,0
1287,802,0
1288,1515,14
1289,577,2
1290,1208,3
1291,461,0
1292,1001,1
1293,916,1
1294,1375,15
1295,103,0
1296,1515,0
1297,1516,0
1298,134,0
1299,1199,0
1300,359,1
1301,0,0
1302,1199,1
1303,873,1
1304,740,2
1305,118,3
1306,1283,0
1307,1377,6
1308,1376,1
1309,479,0
1310,1318,2
1311,886,1
1312,274,0
1313,569,0
1314,1300,0
1315,699,7
1316,1014,0
1317,670,0
1318,854,0
1319,1450,1
1320,1516,0
1321,1617,0
1322,1657,1
1323,1458,4
1324,1319,1
1325,221,1
1326,1516,0
1327,569,0
1328,1573,0
1329,136,4
1330,777,1
1331,1515,7
1332,69,1
1333,1458,2
1334,134,0
1335,1377,1
1336,896,4
1337,756,11
1338,1065,0
1339,976,5
1340,16,2
1341,138,0
1342,425,0
1343,1510,23
1344,122,2
1345,1200,4
1346,496,0
1347,858,2
1348,657,4
1349,1301,11
1350,1075,6
1351,1116,2
1352,1172,16
1353,1693,5
1354,1510,0
1355,1509,3
1356,168,0
1357,1514,1
1358,929,9
1359,1697,4
1360,341,0
1361,1375,47
1362,971,0
1363,1482,6
1364,528,2
1365,1509,4
1366,1,1
1367,973,1
1368,512,1
1369,932,4
1370,567,0
1371,505,1
1372,932,1
1373,839,2
1374,1723,3
1375,770,0
1376,1449,4
1377,48,3
1378,771,0
1379,1704,2
1380,776,1
1381,664,1
1382,130,1
1383,1372,1
1384,1089,1
1385,839,1
1386,1663,27
1387,1520,1
1388,1423,0
1389,1219,1
1390,886,1
1391,1415,3
1392,1643,0
1393,666,4
1394,770,0
1395,48,0
1396,300,2
1397,297,0
1398,1375,1
1399,610,0
1400,376,2
1401,150,1
1402,1066,0
1403,853,0
1404,1355,1
1405,1215,1
1406,1535,1
1407,1124,1
1408,1075,0
1409,1588,1
1410,1174,6
1411,1250,1
1412,1597,0
1413,569,2
1414,1709,0
1415,722,1
1416,569,1
1417,1368,21
1418,244,0
1419,502,1
1420,943,1
1421,1376,24
1422,569,0
1423,754,0
1424,1204,2
1425,530,6
1426,924,1
1427,1515,1
1428,1516,1
1429,1161,0
1430,526,0
1431,1422,3
1432,1536,0
1433,1423,3
1434,273,1
1435,776,66
1436,104,1
1437,437,6
1438,1324,2
1439,1295,3
1440,95,1
1441,725,1
1442,1295,6
1443,512,1
1444,1295,3
1445,1043,1
1446,987,6
1447,136,0
1448,1142,3
1449,548,0
1450,1390,2
1451,916,1
1452,319,0
1453,341,3
1454,1452,1
1455,607,1
1456,615,2
1457,615,5
1458,1375,9
1459,692,0
1460,1379,1
1461,259,0
1462,877,1
1463,537,0
1464,975,0
1465,783,1
1466,1156,1
1467,1457,1
1468,555,0
1469,960,0
1470,1319,1
1471,1431,1
1472,1375,12
1473,1439,2
1474,770,2
1475,819,1
1476,723,1
1477,1383,19
1478,1366,7
1479,1294,0
1480,774,8
1481,1434,0
1482,108,0
1483,375,0
1484,1301,0
1485,1234,1
1486,1332,3
1487,1375,14
1488,562,5
1489,585,0
1490,1319,0
1491,1429,6
1492,1620,0
1493,1555,1
1494,1567,1
1495,876,0
1496,1375,5
1497,968,2
1498,1377,0
1499,1375,2
1500,222,2
1501,1277,6
1502,776,0
1503,398,3
1504,221,0
1505,776,0
1506,1149,2
1507,1534,3
1508,1378,0
1509,244,1
1510,228,1
1511,965,0
1512,1077,1
1513,227,0
1514,1723,4
1515,133,1
1516,1510,1
1517,1124,0
1518,757,1
1519,1376,1
1520,1372,3
1521,1085,1
1522,701,1
1523,1300,1
1524,429,0
1525,1352,10
1526,299,2
1527,881,2
1528,1376,2
1529,1063,0
1530,569,0
1531,872,4
1532,1534,4
1533,352,2
1534,1124,0
1535,1556,3
1536,770,1
1537,777,2
1538,693,2
1539,771,7
1540,576,1
1541,1393,8
1542,207,3
1543,1214,0
1544,771,1
1545,1663,1
1546,1515,0
1547,1509,5
1548,1375,3
1549,368,36
1550,1236,4
1551,979,0
1552,1438,1
1553,770,0
1554,1377,1
1555,1514,1
1556,133,1
1557,1712,2
1558,121,1
1559,776,1
1560,1377,2
1561,792,4
1562,647,0
1563,173,0
1564,1297,0
1565,975,14
1566,564,1
1567,1239,1
1568,891,9
1569,1239,5
1570,423,1
1571,1509,1
1572,776,1
1573,1605,3
1574,939,1
1575,458,1
1576,577,0
1577,475,0
1578,771,0
1579,1376,3
1580,1352,1
1581,6,3
1582,1281,3
1583,6,2
1584,776,1
1585,512,0
1586,811,1
1587,75,8
1588,778,1
1589,147,4
1590,1112,4
1591,546,0
1592,664,0
1593,1509,0
1594,2,3
1595,23,2
1596,1035,0
1597,44,0
1598,1035,0
1599,976,5
1600,1509,0
1601,1375,0
1602,1349,2
1603,1509,1
1604,1295,2
1605,776,1
1606,956,8
1607,1375,2
1608,1354,0
1609,89,1
1610,89,2
1611,770,0
1612,520,1
1613,777,1
1614,645,19
1615,1151,1
1616,1163,83
1617,28,3
1618,1084,0
1619,945,1
1620,1237,0
1621,744,7
1622,512,24
1623,1375,4
1624,701,9
1625,1449,1
1626,1334,0
1627,1253,0
1628,1449,0
1629,1397,1
1630,300,0
1631,701,0
1632,1218,0
1633,609,1
1634,1325,0
1635,1044,1
1636,1510,1
1637,542,0
1638,770,1
1639,703,6
1640,968,1
1641,905,0
1642,1036,0
1643,1238,0
1644,777,4
1645,623,1
1646,1124,0
1647,1200,0
1648,1214,4
1649,1210,1
1650,1293,0
1651,273,0
1652,1376,1
1653,1124,1
1654,1376,3
1655,698,1
1656,1324,0
1657,461,9
1658,1033,0
1659,1043,1
1660,1430,0
1661,771,0
1662,1265,1
1663,1168,0
1664,131,0
1665,2,1
1666,975,10
1667,1095,1
1668,771,0
1669,533,1
1670,190,0
1671,777,4
1672,901,1
1673,1215,13
1674,1516,1
1675,855,1
1676,1450,3
1677,264,38
1678,1238,1
1679,1001,4
1680,24,2
1681,1354,2
1682,957,0
1683,571,0
1684,1297,1
1685,169,0
1686,916,1
1687,1508,3
1688,954,0
1689,776,1
1690,149,1
1691,865,1
1692,1509,1
1693,776,1
1694,776,4
1695,1300,1
1696,1449,1
1697,839,0
1698,1036,1
1699,1352,0
1700,777,2
1701,491,0
1702,886,4
1703,461,1
1704,1320,0
1705,1200,0
1706,975,1
1707,593,1
1708,815,0
1709,461,0
1710,577,0
1711,131,3
1712,352,1
1713,446,1
1714,512,2
1715,935,8
1716,1381,34
1717,1376,3
1718,882,1
1719,31,5
1720,874,0
1721,660,1
1722,480,3
1723,1376,8
1724,1376,24
1725,770,2
1726,999,1
1727,186,0
1728,55,9
1729,1302,0
1730,1,7
1731,873,0
1732,1117,3
1733,95,10
1734,1283,9
1735,1327,1
1736,1239,0
1737,1278,8
1738,131,0
1739,585,7
1740,1297,4
1741,1238,21
1742,153,3
1743,1125,0
1744,770,0
1745,1473,0
1746,1163,3
1747,1355,2
1748,1376,0
1749,1319,2
1750,959,0
1751,1520,1
1752,1244,0
1753,754,1
1754,929,0
1755,1429,0
1756,1501,0
1757,1327,0
1758,1327,0
1759,1327,0
1760,1327,1
1761,1200,0
1762,754,3
1763,1273,4
1764,1734,2
1765,1007,2
1766,1052,1
1767,1271,0
1768,1325,1
1769,814,0
1770,1006,1
1771,947,5
1772,341,2
1773,1317,1
1774,1078,1
1775,1007,0
1776,964,0
1777,1275,1
1778,1317,2
1779,999,1
1780,1378,1
1781,995,0
1782,1271,1
1783,1376,4
1784,1323,0
1785,1365,1
1786,1320,0
1787,1037,4
1788,423,1
1789,419,3
1790,1317,4
1791,374,1
1792,1458,0
1793,1375,24
1794,221,2
1795,1257,1
1796,988,1
1797,461,8
1798,754,0
1799,1185,0
1800,790,8
1801,685,0
1802,1238,12
1803,903,6
1804,1077,9
1805,394,1
1806,770,0
1807,1179,0
1808,701,1
1809,1301,2
1810,1377,4
1811,975,0
1812,1211,4
1813,1375,1
1814,878,0
1815,1210,1
1816,1209,0
1817,1278,1
1818,222,1
1819,1515,47
1820,1236,1
1821,1293,0
1822,1078,1
1823,703,0
1824,1239,4
1825,1690,1
1826,1403,1
1827,1393,50
1828,1418,33
1829,1407,0
1830,491,2
1831,963,0
1832,1509,73
1833,776,1
1834,932,2
1835,442,0
1836,609,1
1837,193,0
1838,1005,7
1839,352,1
1840,577,1
1841,1293,2
1842,552,3
1843,952,4
1844,1295,2
1845,1485,1
1846,1548,3
1847,804,0
1848,1366,3
1849,1381,71
1850,1237,9
1851,1326,0
1852,1582,1
1853,1266,2
1854,1297,7
1855,747,3
1856,1531,2
1857,942,48
1858,1012,0
1859,609,0
1860,771,1
1861,1352,1
1862,435,0
1863,1159,0
1864,274,0
1865,113,0
1866,905,3
1867,1707,11
1868,1332,1
1869,767,0
1870,1327,4
1871,1010,7
1872,550,1
1873,1159,0
1874,1160,0
1875,119,0
1876,889,1
1877,980,1
1878,804,0
1879,771,1
1880,1000,0
1881,1509,0
1882,778,0
1883,132,3
1884,1510,0
1885,779,0
1886,1000,0
1887,770,0
1888,1408,2
1889,776,1
1890,1355,1
1891,1376,0
1892,1474,0
1893,852,0
1894,1319,0
1895,1207,1
1896,1376,2
1897,1511,1
1898,577,1
1899,959,0
1900,1509,1
1901,1300,8
1902,1473,2
1903,1375,1
1904,1163,0
1905,1278,1
1906,1078,1
1907,1516,0
1908,1332,3
1909,1183,0
1910,1425,2
1911,1467,6
1912,1509,1
1913,872,0
1914,1594,0
1915,1355,1
1916,930,1
1917,916,3
1918,916,0
1919,1122,2
1920,1516,0
1921,776,1
1922,877,2
1923,1438,2
1924,1278,1
1925,512,1
1926,150,6
1927,359,0
1928,976,2
1929,1280,0
1930,1515,1
1931,1238,84
1932,1265,1
1933,1003,0
1934,461,3
1935,776,35
1936,771,0
1937,1352,2
1938,815,12
1939,1129,3
1940,1450,0
1941,1327,0
1942,1158,0
1943,1124,0
1944,964,3
1945,1324,1
1946,1096,17
1947,1508,2
1948,770,4
1949,885,2
1950,1250,1
1951,118,4
1952,1411,1
1953,976,6
1954,1079,0
1955,873,0
1956,59,0
1957,1509,1
1958,1509,16
1959,1279,0
1960,770,1
1961,576,1
1962,1609,0
1963,905,0
1964,528,1
1965,1375,44
1966,1516,11
1967,1300,0
1968,1375,2
1969,435,1
1970,671,0
1971,1087,1
1972,484,37
1973,497,1
1974,777,0
1975,1343,1
1976,1630,3
1977,1319,0
1978,550,0
1979,294,0
1980,1168,0
1981,1507,0
1982,569,1
1983,728,1
1984,778,1
1985,561,3
1986,1006,2
1987,1279,1
1988,1214,0
1989,1035,0
1990,1467,0
1991,221,3
1992,575,1
1993,1000,0
1994,1294,0
1995,1208,1
1996,1515,1
1997,696,0
1998,1300,1
1999,1124,0
2000,1327,1
2001,1356,2
2002,805,3
2003,1294,0
2004,804,2
2005,1376,28
2006,1300,4
2007,1268,2
2008,1296,0
2009,1319,3
2010,1230,1
2011,1371,1
2012,1375,2
2013,932,1
2014,975,2
2015,131,2
2016,461,0
2017,1309,0
2018,776,1
2019,1295,1
2020,400,1
2021,701,2
2022,808,0
2023,1429,0
2024,1244,0
2025,1509,4
2026,1332,2
2027,771,0
2028,1018,1
2029,1376,0
2030,649,1
2031,1375,2
2032,666,1
2033,1317,2
2034,1078,1
2035,606,0
2036,443,0
2037,1374,2
2038,1238,1
2039,1374,0
2040,1309,2
2041,770,0
2042,1512,1
2043,1298,0
2044,684,1
2045,1509,0
2046,1215,2
2047,1162,1
2048,1346,0
2049,1306,0
2050,1239,3
2051,792,3
2052,1078,0
2053,1036,0
2054,1124,1
2055,1271,0
2056,171,1
2057,1281,3
2058,1244,1
2059,1239,0
2060,135,1
2061,767,1
2062,1008,1
2063,1349,0
2064,1281,0
2065,999,10
2066,1278,1
2067,1116,15
2068,776,0
2069,1376,1
2070,1509,1
2071,1376,1
2072,1295,1
2073,1053,1
2074,203,0
2075,1008,2
2076,976,0
2077,1035,0
2078,849,1
2079,1118,2
2080,1244,1
2081,1404,0
2082,1493,2
2083,1375,2
2084,1124,0
2085,1196,1
2086,1043,0
2087,1375,2
2088,770,2
2089,1278,0
2090,1402,1
2091,1376,0
2092,777,51
2093,777,1
2094,1509,3
2095,1424,0
2096,1039,1
2097,1375,25
2098,1352,1
2099,1124,32
2100,1279,1
2101,1352,1
2102,960,0
2103,957,0
2104,1307,2
2105,1319,1
2106,1590,0
2107,1375,0
2108,1124,1
2109,1375,2
2110,777,1
2111,446,1
2112,983,1
2113,1557,1
2114,131,1
2115,1509,0
2116,1375,1
2117,770,6
2118,564,0
2119,754,9
2120,1493,1
2121,1516,2
2122,564,0
2123,1348,3
2124,1515,22
2125,771,2
2126,454,4
2127,1493,5
2128,1432,1
2129,1233,0
2130,707,1
2131,90,1
2132,1375,1
2133,510,0
2134,594,0
2135,871,0
2136,1516,2
2137,975,7
2138,905,0
2139,1348,0
2140,818,1
2141,872,1
2142,432,0
2143,341,1
2144,1237,0
2145,1165,0
2146,602,0
2147,1690,1
2148,1370,1
2149,179,1
2150,1516,0
2151,1004,0
2152,1376,3
2153,975,4
2154,1484,0
2155,879,1
2156,337,0
2157,962,3
2158,1510,0
2159,775,0
2160,935,12
2161,1376,28
2162,1376,5
2163,115,0
2164,933,2
2165,550,0
2166,1317,1
2167,905,0
2168,1121,0
2169,1509,2
2170,1319,0
2171,1677,0
2172,1677,1
2173,1186,1
2174,1085,1
2175,130,0
2176,1212,0
2177,1515,0
2178,472,0
2179,1378,0
2180,1297,6
2181,597,6
2182,550,1
2183,1568,0
2184,1476,2
2185,1516,8
2186,1167,1
2187,1442,0
2188,1375,0
2189,243,1
2190,143,0
2191,730,0
2192,932,2
2193,1398,1
2194,475,1
2195,1568,1
2196,757,2
2197,1574,5
2198,1463,1
2199,1244,0
2200,933,2
2201,1471,0
2202,9,0
2203,873,0
2204,777,1
2205,131,0
2206,878,1
2207,1596,1
2208,1510,1
2209,932,11
2210,550,0
2211,569,0
2212,95,10
2213,1082,0
2214,1352,2
2215,1375,1
2216,753,1
2217,975,1
2218,1512,1
2219,975,0
2220,1000,1
2221,1355,1
2222,1239,0
2223,776,10
2224,550,1
2225,1510,2
2226,1124,4
2227,776,1
2228,932,1
2229,1319,0
2230,804,0
2231,1301,1
2232,577,0
2233,979,3
2234,1058,0
2235,1302,0
2236,476,1
2237,1308,2
2238,770,4
2239,1516,1
2240,1376,0
2241,1378,18
2242,451,1
2243,550,0
2244,402,1
2245,777,0
2246,1708,1
2247,1374,0
2248,976,2
2249,1305,0
2250,1657,5
2251,1320,2
2252,753,1
2253,632,0
2254,1163,1
2255,609,1
2256,228,0
2257,542,0
2258,969,1
2259,1161,1
2260,744,1
2261,493,0
2262,1429,0
2263,947,1
2264,1516,1
2265,905,1
2266,690,0
2267,861,4
2268,221,0
2269,905,3
2270,368,5
2271,1157,2
2272,974,0
2273,1601,1
2274,1096,1
2275,792,0
2276,1687,0
2277,1307,1
2278,1277,0
2279,1254,2
2280,48,0
2281,593,3
2282,25,0
2283,424,5
2284,770,0
2285,1387,0
2286,1371,1
2287,13,1
2288,1196,2
2289,1516,0
2290,1509,13
2291,1527,2
2292,754,0
2293,886,1
2294,1493,0
2295,1486,1
2296,1324,0
2297,149,0
2298,1455,1
2299,352,3
2300,1125,0
2301,521,0
2302,208,1
2303,253,0
2304,1031,0
2305,1182,1
2306,1319,1
2307,913,1
2308,955,0
2309,23,3
2310,1273,1
2311,777,1
2312,585,1
2313,874,0
2314,770,51
2315,1704,1
2316,1280,7
2317,1204,0
2318,564,0
2319,142,0
2320,1509,4
2321,975,2
2322,461,0
2323,976,2
2324,1376,1
2325,476,2
2326,475,4
2327,896,1
2328,1509,8
2329,1375,2
2330,640,0
2331,1376,3
2332,1517,0
2333,273,1
2334,1509,4
2335,831,2
2336,905,0
2337,1454,3
2338,975,5
2339,1576,0
2340,1433,0
2341,1515,0
2342,634,1
2343,1375,2
2344,2,0
2345,777,10
2346,88,0
2347,949,1
2348,1054,0
2349,975,1
2350,476,0
2351,3,1
2352,1691,1
2353,905,0
2354,571,0
2355,912,0
2356,1522,0
2357,911,1
2358,1057,0
2359,137,2
2360,380,0
2361,969,0
2362,1355,10
2363,1690,1
2364,1355,49
2365,1477,5
2366,871,0
2367,1235,3
2368,942,3
2369,790,0
2370,983,6
2371,1355,9
2372,461,9
2373,815,1
2374,912,2
2375,1162,1
2376,700,0
2377,131,1
2378,882,1
2379,571,0
2380,1053,0
2381,1317,1
2382,1676,0
2383,1404,0
2384,697,0
2385,1214,1
2386,131,2
2387,1448,0
2388,922,8
2389,1343,0
2390,1702,1
2391,1036,0
2392,1471,0
2393,1484,0
2394,1200,5
2395,777,0
2396,1296,1
2397,1343,0
2398,1512,0
2399,1319,4
2400,142,0
2401,1163,19
2402,512,0
2403,1077,0
2404,1375,2
2405,754,1
2406,1471,0
2407,754,10
2408,976,0
2409,1158,4
2410,1375,2
2411,954,6
2412,515,1
2413,376,1
2414,1036,0
2415,781,11
2416,1511,1
2417,1297,1
2418,845,1
2419,251,0
2420,771,0
2421,131,0
2422,1318,0
2423,1505,1
2424,976,34
2425,1509,0
2426,1375,1
2427,1304,1
2428,1124,0
2429,1278,0
2430,1057,1
2431,1320,0
2432,344,0
2433,1376,9
2434,1717,0
2435,933,0
2436,1512,52
2437,777,1
2438,1088,0
2439,1402,5
2440,1431,14
2441,1509,0
2442,770,0
2443,1602,1
2444,839,0
2445,1323,1
2446,1403,2
2447,1403,1
2448,575,0
2449,1297,3
2450,878,0
2451,1194,2
2452,1185,0
2453,221,2
2454,1164,1
2455,1396,1
2456,1376,0
2457,912,2
2458,1215,0
2459,1510,2
2460,932,1
2461,976,2
2462,872,0
2463,585,4
2464,554,0
2465,1321,0
2466,731,0
2467,1163,12
2468,1331,0
2469,1244,0
2470,956,0
2471,52,2
2472,675,1
2473,1516,5
2474,1326,0
2475,976,1
2476,1471,0
2477,1376,3
2478,1116,19
2479,512,1
2480,864,0
2481,408,0
2482,1318,2
2483,1332,3
2484,109,0
2485,452,0
2486,1354,1
2487,1516,0
2488,791,10
2489,592,43
2490,1117,3
2491,1240,8
2492,1297,1
2493,1239,0
2494,1051,0
2495,1209,2
2496,553,1
2497,1303,3
2498,528,2
2499,633,5
2500,131,2
2501,491,0
2502,1322,2
2503,959,0
2504,935,1
2505,1226,1
2506,770,0
2507,976,0
2508,753,1
2509,754,0
2510,1297,6
2511,1348,0
2512,975,1
2513,1457,38
2514,976,4
2515,976,2
2516,12,0
2517,1326,1
2518,108,2
2519,610,2
2520,1430,0
2521,1237,2
2522,1516,9
2523,1265,6
2524,1324,1
2525,132,1
2526,999,22
2527,497,0
2528,1635,0
2529,1606,2
2530,754,1
2531,770,1
2532,131,0
2533,567,2
2534,1043,1
2535,776,5
2536,1000,1
2537,577,1
2538,1587,1
2539,1451,1
2540,384,1
2541,1006,1
2542,1322,3
2543,1564,1
2544,1317,1
2545,245,0
2546,1626,0
2547,1376,0
2548,1322,3
2549,1115,0
2550,1006,1
2551,1466,62
2552,1238,2
2553,1451,0
2554,1278,9
2555,706,0
2556,1507,1
2557,1393,3
2558,1437,0
2559,1048,0
2560,1122,0
2561,1052,1
2562,1300,1
2563,1516,0
2564,1322,0
2565,1375,0
2566,957,0
2567,1373,3
2568,491,0
2569,878,1
2570,491,0
2571,1509,36
2572,1098,3
2573,664,0
2574,1102,12
2575,577,1
2576,577,3
2577,253,1
2578,1352,44
2579,1372,0
2580,1374,0
2581,1324,1
2582,118,2
2583,567,9
2584,1307,0
2585,776,9
2586,754,1
2587,777,1
2588,1516,0
2589,1078,0
2590,1589,2
2591,600,1
2592,1280,1
2593,701,2
2594,748,0
2595,1307,5
2596,273,19
2597,421,0
2598,1515,0
2599,461,0
2600,1509,1
2601,1152,4
2602,381,0
2603,428,1
2604,823,0
2605,1200,1
2606,1125,0
2607,1353,4
2608,1200,1
2609,770,4
2610,1204,2
2611,528,0
2612,1471,1
2613,1375,1
2614,1376,1
2615,1098,1
2616,771,0
2617,1372,1
2618,1295,0
2619,1436,0
2620,1446,1
2621,1431,1
2622,1556,1
2623,1089,2
2624,995,5
2625,1515,0
2626,1516,1
2627,758,1
2628,872,0
2629,1297,0
2630,695,2
2631,777,0
2632,1516,21
2633,1509,13
2634,1295,1
2635,1078,17
2636,1517,0
2637,1509,3
2638,1375,2
2639,1516,0
2640,593,3
2641,507,0
2642,1721,5
2643,1087,2
2644,942,2
2645,118,0
2646,718,0
2647,1468,0
2648,1279,15
2649,707,0
2650,792,0
2651,234,2
2652,1279,0
2653,1377,1
2654,770,1
2655,378,0
2656,1107,1
2657,868,2
2658,1372,5
2659,975,1
2660,207,0
2661,1315,3
2662,1174,0
2663,269,0
2664,1217,0
2665,1375,3
2666,436,1
2667,976,0
2668,1442,0
2669,87,0
2670,486,1
2671,884,1
2672,1720,0
2673,1723,0
2674,1295,0
2675,1404,0
2676,1510,1
2677,754,1
2678,771,1
2679,1449,0
2680,1035,1
2681,1318,1
2682,1244,3
2683,1376,3
2684,776,6
2685,1052,1
2686,776,0
2687,1297,1
2688,493,0
2689,221,0
2690,932,2
2691,550,1
2692,1322,14
2693,1352,1
2694,1471,4
2695,221,3
2696,1372,4
2697,1730,1
2698,1470,5
2699,1585,1
2700,1516,3
2701,777,1
2702,1509,0
2703,1291,16
2704,1213,0
2705,1703,1
2706,79,1
2707,1318,0
2708,84,1
2709,759,2
2710,929,0
2711,138,0
2712,771,0
2713,975,60
2714,999,1
2715,1077,0
2716,1376,1
2717,1029,5
2718,698,0
2719,183,2
2720,183,0
2721,777,13
2722,172,1
2723,401,5
2724,753,1
2725,975,2
2726,829,0
2727,1244,2
2728,1648,2
2729,1319,0
2730,625,1
2731,1516,0
2732,1375,1
2733,754,1
2734,127,1
2735,626,1
2736,251,0
2737,493,0
2738,1375,1
2739,754,1
2740,108,3
2741,1139,3
2742,758,1
2743,156,0
2744,260,0
2745,1551,2
2746,171,0
2747,739,1
2748,1669,19
2749,577,0
2750,1267,0
2751,1702,2
2752,519,0
2753,1646,1
2754,293,0
2755,2,3
2756,1374,1
2757,1300,0
2758,273,0
2759,1323,0
2760,612,15
2761,1550,0
2762,1566,1
2763,1723,1
2764,1006,1
2765,90,1
2766,771,3
2767,281,3
2768,1639,1
2769,1369,0
2770,1159,5
2771,428,0
2772,1122,11
2773,1320,38
2774,1087,2
2775,1274,3
2776,1375,1
2777,1734,1
2778,132,5
2779,132,4
2780,132,3
2781,132,3
2782,132,4
2783,132,1
2784,132,2
2785,132,3
2786,132,1
2787,132,1
2788,132,8
2789,1376,0
2790,1215,0
2791,754,0
2792,701,3
2793,132,16
2794,933,3
2795,131,7
2796,1279,0
2797,1320,0
2798,1236,24
2799,270,0
2800,1200,0
2801,976,1
2802,776,9
2803,171,21
2804,905,1
2805,170,0
2806,1515,2
2807,1006,15
2808,1479,5
2809,777,1
2810,1162,1
2811,1493,0
2812,1511,2
2813,1086,0
2814,528,1
2815,808,1
2816,1319,1
2817,588,0
2818,1297,2
2819,626,0
2820,1147,0
2821,910,8
2822,1472,1
2823,871,0
2824,837,1
2825,1725,0
2826,1450,2
2827,1593,1
2828,1179,1
2829,886,0
2830,885,6
2831,1052,1
2832,1624,5
2833,1512,5
2834,1630,3
2835,1400,3
2836,1515,1
2837,37,1
2838,536,3
2839,396,1
2840,202,0
2841,1058,0
2842,1271,0
2843,1247,1
2844,1514,2
2845,1168,3
2846,592,1
2847,1298,19
2848,1298,1
2849,771,1
2850,1172,1
2851,959,0
2852,1174,0
2853,1023,1
2854,1035,0
2855,48,3
2856,132,6
2857,777,0
2858,1274,5
2859,1194,5
2860,1510,1
2861,712,0
2862,886,0
2863,1376,16
2864,461,0
2865,1278,1
2866,359,0
2867,1272,0
2868,641,1
2869,701,0
2870,1279,0
2871,693,2
2872,693,0
2873,969,0
2874,975,0
2875,843,0
2876,1514,8
2877,1403,0
2878,777,7
2879,1125,0
2880,1204,2
2881,564,0
2882,1378,1
2883,1117,0
2884,1167,1
2885,1328,1
2886,754,0
2887,1432,0
2888,1172,9
2889,1319,0
2890,1091,1
2891,1279,0
2892,1157,1
2893,1587,0
2894,550,0
2895,1300,2
2896,1382,1
2897,1369,0
2898,545,0
2899,875,0
2900,1701,2
2901,1319,5
2902,1319,7
2903,1086,5
2904,999,1
2905,1210,12
2906,1244,2
2907,1295,1
2908,1298,23
2909,722,1
2910,1377,2
2911,777,1
2912,1373,2
2913,1100,6
2914,1271,11
2915,1271,7
2916,171,0
2917,1509,0
2918,1517,0
2919,877,0
2920,1297,1
2921,1091,0
2922,1324,21
2923,219,0
2924,932,2
2925,393,1
2926,131,5
2927,771,2
2928,267,1
2929,14,0
2930,208,1
2931,1245,14
2932,1389,0
2933,1733,12
2934,1209,5
2935,1086,6
2936,307,0
2937,48,3
2938,1397,1
2939,1375,27
2940,1376,0
2941,787,1
2942,1511,1
2943,1376,4
2944,475,0
2945,1376,0
2946,792,4
2947,382,0
2948,1236,2
2949,1299,4
2950,1164,1
2951,375,0
2952,792,2
2953,607,2
2954,1375,1
2955,1375,16
2956,352,4
2957,1376,3
2958,1089,1
2959,1458,16
2960,401,0
2961,569,0
2962,1078,4
2963,510,4
2964,1326,0
2965,273,1
2966,1376,7
2967,1214,0
2968,976,0
2969,1524,0
2970,1692,1
2971,1516,0
2972,331,4
2973,512,0
2974,1233,1
2975,693,0
2976,995,2
2977,1280,0
2978,1154,4
2979,1693,0
2980,1163,3
2981,684,4
2982,1520,0
2983,1353,1
2984,1410,1
2985,1484,1
2986,1084,4
2987,1520,38
2988,66,2
2989,976,30
2990,474,2
2991,1371,2
2992,1166,1
2993,1240,5
2994,1244,0
2995,1298,1
2996,1463,1
2997,1301,0
2998,1452,2
2999,776,0
3000,491,0
3001,544,1
3002,701,0
3003,1127,1
3004,1375,2
3005,878,5
3006,1375,0
3007,923,1
3008,966,0
3009,966,1
3010,1319,17
3011,470,2
3012,1200,0
3013,1124,0
3014,1585,0
3015,753,1
3016,1509,11
3017,1319,2
3018,1733,21
3019,1377,1
3020,1377,0
3021,1354,0
3022,1295,0
3023,879,1
3024,1035,0
3025,358,1
3026,1238,1
3027,1112,0
3028,148,9
3029,1296,8
3030,200,1
3031,202,0
3032,547,4
3033,399,0
3034,1352,6
3035,1280,20
3036,191,0
3037,1391,0
3038,1454,0
3039,130,1
3040,1352,1
3041,1376,1
3042,627,7
3043,545,1
3044,1140,0
3045,905,0
3046,1516,3
3047,1148,0
3048,1111,1
3049,1280,0
3050,835,1
3051,1297,1
3052,1297,4
3053,886,2
3054,1162,0
3055,1203,5
3056,210,12
3057,1471,2
3058,1590,0
3059,208,0
3060,550,1
3061,1471,0
3062,1321,3
3063,633,0
3064,1322,2
3065,878,1
3066,1587,1
3067,976,0
3068,772,5
3069,776,4
3070,1352,1
3071,1083,1
3072,1509,0
3073,1376,5
3074,1568,2
3075,1568,0
3076,166,1
3077,1579,2
3078,771,0
3079,27,0
3080,1376,0
3081,975,8
3082,1352,3
3083,1319,1
3084,1700,1
3085,1449,0
3086,1376,31
3087,1125,1
3088,1660,1
3089,189,0
3090,550,0
3091,489,0
3092,1145,0
3093,1375,2
3094,1041,1
3095,776,0
3096,1683,2
3097,885,1
3098,878,0
3099,932,0
3100,1240,0
3101,1349,0
3102,185,1
3103,1731,1
3104,1478,0
3105,885,0
3106,101,0
3107,175,0
3108,1319,1
3109,44,1
3110,1277,7
3111,1469,3
3112,1192,1
3113,509,0
3114,221,0
3115,1096,1
3116,1543,15
3117,797,1
3118,1376,10
3119,1319,0
3120,1714,2
3121,1701,1
3122,474,2
3123,1352,0
3124,1380,1
3125,1515,1
3126,879,0
3127,1058,2
3128,478,4
3129,567,0
3130,884,0
3131,446,1
3132,388,9
3133,1163,3
3134,1122,0
3135,1429,5
3136,1739,0
3137,362,2
3138,72,0
3139,1295,0
3140,1471,0
3141,1376,2
3142,1414,2
3143,1691,0
3144,776,2
3145,826,0
3146,698,6
3147,1478,1
3148,417,2
3149,1733,1
3150,1675,1
3151,497,0
3152,931,0
3153,457,0
3154,775,0
3155,131,1
3156,1061,3
3157,1010,1
3158,1279,1
3159,822,0
3160,966,1
3161,878,8
3162,975,0
3163,777,1
3164,1210,4
3165,959,1
3166,1200,1
3167,1349,1
3168,1376,4
3169,1174,0
3170,1295,0
3171,1665,2
3172,1036,0
3173,1516,0
3174,1375,3
3175,770,1
3176,957,0
3177,1326,3
3178,1083,0
3179,553,0
3180,1168,0
3181,753,0
3182,976,0
3183,1209,0
3184,1164,4
3185,1462,1
3186,1297,12
3187,770,1
3188,770,0
3189,816,0
3190,741,2
3191,964,12
3192,1166,0
3193,273,1
3194,1010,1
3195,1740,0
3196,1465,2
3197,1465,2
3198,1465,1
3199,1296,0
3200,1372,5
3201,1465,1
3202,1220,0
3203,1492,3
3204,1138,19
3205,1272,0
3206,886,7
3207,1321,13
3208,1403,2
3209,428,13
3210,1580,1
3211,770,2
3212,1297,0
3213,775,0
3214,340,1
3215,1087,0
3216,1449,0
3217,1376,1
3218,1433,0
3219,1327,5
3220,1035,3
3221,1467,0
3222,1204,4
3223,1516,1
3224,1403,1
3225,420,1
3226,1326,1
3227,1083,1
3228,1488,21
3229,1375,1
3230,1418,3
3231,975,0
3232,460,4
3233,777,2
3234,777,0
3235,753,0
3236,1543,17
3237,497,7
3238,703,5
3239,918,2
3240,858,1
3241,428,1
3242,576,2
3243,1491,3
3244,1491,2
3245,1639,0
3246,1516,1
3247,1275,4
3248,771,0
3249,550,7
3250,1375,1
3251,156,1
3252,1516,13
3253,1554,1
3254,1543,7
3255,1314,0
3256,1279,4
3257,1172,2
3258,1210,0
3259,932,0
3260,1198,3
3261,1631,0
3262,814,0
3263,976,1
3264,1372,1
3265,1272,8
3266,1006,0
3267,883,1
3268,1274,0
3269,141,0
3270,1295,12
3271,1237,1
3272,777,1
3273,200,4
3274,1297,8
3275,200,4
3276,1036,13
3277,1159,1
3278,1289,3
3279,1205,10
3280,1215,0
3281,1375,29
3282,529,2
3283,1376,0
3284,1471,1
3285,975,4
3286,942,2
3287,870,2
3288,1047,0
3289,995,1
3290,1172,2
3291,191,3
3292,1543,21
3293,531,2
3294,259,1
3295,483,1
3296,1277,0
3297,1170,3
3298,776,1
3299,952,1
3300,1241,1
3301,1241,3
3302,1724,0
3303,1208,1
3304,1036,0
3305,1298,0
3306,645,1
3307,1324,1
3308,777,0
3309,976,0
3310,976,0
3311,1599,8
3312,922,1
3313,1052,0
3314,1043,5
3315,1429,2
3316,71,0
3317,71,0
3318,188,1
3319,131,0
3320,74,1
3321,492,1
3322,1471,1
3323,1294,0
3324,1324,0
3325,435,2
3326,1517,1
3327,871,0
3328,1196,0
3329,1516,1
3330,734,0
3331,1520,1
3332,1708,1
3333,476,2
3334,1225,4
3335,1297,1
3336,176,0
3337,1172,1
3338,916,0
3339,1555,10
3340,1327,1
3341,754,0
3342,1232,8
3343,922,2
3344,777,4
3345,1092,4
3346,131,12
3347,1375,2
3348,1375,14
3349,921,1
3350,1431,6
3351,1027,2
3352,777,1
3353,976,0
3354,976,62
3355,435,1
3356,1377,0
3357,12,3
3358,1179,0
3359,1429,10
3360,171,1
3361,221,16
3362,1509,14
3363,975,0
3364,1295,0
3365,947,0
3366,309,1
3367,1239,7
3368,677,0
3369,913,1
3370,1283,0
3371,126,0
3372,57,3
3373,1375,2
3374,1719,1
3375,1675,1
3376,975,0
3377,5,0
3378,166,2
3379,1517,1
3380,1722,3
3381,1375,0
3382,509,0
3383,468,1
3384,932,0
3385,962,6
3386,1686,1
3387,1084,1
3388,1598,0
3389,1553,0
3390,1553,1
3391,592,1
3392,1516,1
3393,1006,0
3394,476,5
3395,1296,1
3396,564,2
3397,374,3
3398,2,0
3399,696,0
3400,1297,0
3401,150,33
3402,374,0
3403,1321,4
3404,396,3
3405,1702,1
3406,1375,0
3407,772,7
3408,754,0
3409,1352,0
3410,878,11
3411,1610,1
3412,1510,0
3413,474,4
3414,1520,2
3415,1124,5
3416,1448,12
3417,1089,12
3418,932,6
3419,1348,9
3420,1376,1
3421,1043,8
3422,225,7
3423,1237,0
3424,461,8
3425,958,3
3426,932,9
3427,886,1
3428,844,1
3429,767,24
3430,1376,6
3431,423,0
3432,1681,4
3433,1681,0
3434,1057,0
3435,630,5
3436,491,0
3437,127,0
3438,165,1
3439,1163,1
3440,165,2
3441,869,1
3442,73,0
3443,609,0
3444,118,0
3445,1235,0
3446,1162,1
3447,23,1
3448,1089,2
3449,131,2
3450,1211,0
3451,1450,3
3452,1119,1
3453,1244,2
3454,1324,1
3455,1172,0
3456,433,1
3457,131,0
3458,975,1
3459,1482,1
3460,1509,6
3461,877,0
3462,569,1
3463,1240,1
3464,1496,1
3465,1274,1
3466,1251,1
3467,1125,12
3468,1294,1
3469,1279,0
3470,1078,0
3471,1366,0
3472,1376,1
3473,476,3
3474,1580,0
3475,1209,3
3476,377,4
3477,1372,9
3478,1188,1
3479,1297,0
3480,979,1
3481,770,0
3482,1520,1
3483,1319,0
3484,869,5
3485,1094,6
3486,171,0
3487,521,2
3488,776,1
3489,882,6
3490,1324,0
3491,1580,1
3492,211,0
3493,1077,1
3494,1204,3
3495,1280,1
3496,513,0
3497,1325,6
3498,1023,0
3499,668,3
3500,340,2
3501,182,0
3502,776,4
3503,1516,0
3504,1388,0
3505,1125,0
3506,1568,2
3507,1585,0
3508,885,0
3509,1322,1
3510,1330,2
3511,1297,4
3512,1297,0
3513,627,2
3514,919,1
3515,1480,7
3516,1271,1
3517,1123,1
3518,1172,2
3519,1236,0
3520,1246,0
3521,1124,0
3522,776,0
3523,1516,0
3524,382,4
3525,996,5
3526,374,0
3527,1320,0
3528,975,7
3529,414,2
3530,1372,0
3531,1374,0
3532,1516,0
3533,1297,1
3534,127,0
3535,1324,5
3536,939,1
3537,1165,2
3538,776,1
3539,1294,1
3540,960,0
3541,1162,4
3542,1272,0
3543,1163,0
3544,1560,0
3545,124,6
3546,569,14
3547,1516,1
3548,461,0
3549,1132,2
3550,1078,1
3551,1516,7
3552,1086,0
3553,577,1
3554,358,0
3555,577,0
3556,776,0
3557,1622,0
3558,1556,1
3559,892,1
3560,500,1
3561,1263,0
3562,1163,2
3563,1244,0
3564,1396,0
3565,409,0
3566,410,0
3567,628,0
3568,134,1
3569,1376,2
3570,1516,1
3571,486,0
3572,48,1
3573,428,1
3574,543,1
3575,1376,26
3576,1374,3
3577,1295,0
3578,1482,1
3579,1140,1
3580,1383,1
3581,1110,0
3582,854,0
3583,885,0
3584,1122,0
3585,1515,0
3586,1320,1
3587,777,1
3588,208,4
3589,1332,0
3590,1079,0
3591,577,0
3592,1585,0
3593,1236,1
3594,239,0
3595,1702,1
3596,352,0
3597,353,0
3598,1702,1
3599,1216,1
3600,1458,2
3601,1701,1
3602,1376,3
3603,772,0
3604,1419,8
3605,491,0
3606,754,1
3607,395,1
3608,374,0
3609,1457,3
3610,382,2
3611,607,0
3612,512,3
3613,1428,3
3614,873,2
3615,1376,1
3616,1092,0
3617,1577,0
3618,51,0
3619,442,1
3620,1493,0
3621,1427,0
3622,428,5
3623,1375,2
3624,777,1
3625,1375,0
3626,356,2
3627,528,2
3628,1634,1
3629,1375,0
3630,997,6
3631,426,5
3632,1078,43
3633,1510,1
3634,1210,4
3635,755,6
3636,1238,1
3637,780,0
3638,744,0
3639,207,0
3640,264,1
3641,1238,1
3642,1324,1
3643,1348,0
3644,975,11
3645,1035,0
3646,1648,1
3647,625,1
3648,1057,1
3649,1174,1
3650,5,5
3651,454,2
3652,1238,0
3653,1452,1
3654,1238,0
3655,316,1
3656,599,0
3657,1289,2
3658,707,1
3659,1452,3
3660,1481,2
3661,1048,1
3662,1403,1
3663,1084,0
3664,777,1
3665,1082,0
3666,413,0
3667,1352,0
3668,1375,8
3669,1163,0
3670,19,0
3671,1164,3
3672,512,2
3673,1392,0
3674,1163,2
3675,1374,0
3676,192,0
3677,1010,0
3678,1450,3
3679,1374,0
3680,818,0
3681,1530,1
3682,1376,2
3683,1373,0
3684,1089,0
3685,1006,1
3686,1426,13
3687,1611,0
3688,1316,0
3689,1453,2
3690,1376,3
3691,1209,0
3692,528,1
3693,476,0
3694,1375,1
3695,1494,10
3696,1623,1
3697,461,0
3698,779,9
3699,1322,1
3700,208,0
3701,804,6
3702,1516,0
3703,964,4
3704,183,1
3705,258,0
3706,960,1
3707,1164,5
3708,1448,14
3709,1458,2
3710,776,0
3711,553,1
3712,1320,0
3713,1248,0
3714,1280,2
3715,1719,0
3716,1265,6
3717,396,1
3718,1370,2
3719,1514,2
3720,999,0
3721,1580,2
3722,606,2
3723,1373,0
3724,1370,0
3725,754,2
3726,1324,0
3727,995,1
3728,1141,0
3729,770,1
3730,1209,0
3731,553,0
3732,853,1
3733,1287,1
3734,1376,1
3735,459,2
3736,1262,1
3737,1087,0
3738,1006,4
3739,1516,1
3740,1297,9
3741,976,9
3742,1474,0
3743,1323,1
3744,1509,5
3745,1352,0
3746,1515,0
3747,577,0
3748,1273,0
3749,754,1
3750,933,1
3751,1057,1
3752,1364,0
3753,1520,41
3754,138,1
3755,128,0
3756,1324,0
3757,293,0
3758,753,5
3759,1375,0
3760,1372,0
3761,1322,4
3762,1067,1
3763,1715,1
3764,535,3
3765,777,0
3766,960,28
3767,542,9
3768,577,1
3769,1006,1
3770,1352,0
3771,550,13
3772,594,0
3773,1376,4
3774,299,2
3775,1376,1
3776,1201,13
3777,1207,0
3778,1295,0
3779,976,0
3780,1515,1
3781,200,0
3782,1157,1
3783,729,4
3784,604,0
3785,1297,0
3786,1374,0
3787,646,1
3788,1690,1
3789,1449,1
3790,465,0
3791,1704,1
3792,305,0
3793,36,0
3794,1327,1
3795,1376,1
3796,1453,0
3797,1002,0
3798,777,1
3799,278,0
3800,1071,1
3801,1044,4
3802,770,1
3803,1736,1
3804,221,0
3805,221,1
3806,171,17
3807,1355,1
3808,754,7
3809,754,18
3810,975,0
3811,780,0
3812,771,0
3813,883,1
3814,569,1
3815,1314,0
3816,1238,8
3817,1520,7
3818,1096,10
3819,1525,0
3820,270,1
3821,835,1
3822,576,0
3823,435,0
3824,1495,18
3825,1053,1
3826,1320,1
3827,28,0
3828,1022,2
3829,564,11
3830,999,1
3831,1550,1
3832,1591,0
3833,1723,1
3834,995,1
3835,363,2
3836,1584,3
3837,1435,2
3838,1168,3
3839,1297,0
3840,1295,0
3841,969,0
3842,1297,2
3843,1297,18
3844,1515,22
3845,542,1
3846,1325,0
3847,1273,1
3848,1317,1
3849,1300,0
3850,1297,4
3851,754,25
3852,476,0
3853,130,1
3854,1215,1
3855,1069,1
3856,678,1
3857,777,1
3858,777,5
3859,1280,3
3860,1244,1
3861,951,0
3862,1143,4
3863,664,16
3864,577,0
3865,461,6
3866,1078,4
3867,1238,2
3868,1662,0
3869,1188,3
3870,1265,1
3871,754,1
3872,976,0
3873,186,0
3874,771,0
3875,995,1
3876,778,1
3877,1375,2
3878,497,0
3879,347,1
3880,476,1
3881,1182,0
3882,1179,15
3883,1124,0
3884,1076,2
3885,1479,1
3886,1151,0
3887,1299,4
3888,1429,0
3889,1390,0
3890,1157,0
3891,1515,0
3892,1321,1
3893,1375,0
3894,1200,2
3895,11,0
3896,1280,4
3897,1323,4
3898,221,0
3899,1009,5
3900,777,2
3901,695,0
3902,1280,0
3903,762,0
3904,1013,1
3905,1402,5
3906,208,1
3907,777,1
3908,1668,1
3909,40,0
3910,1705,5
3911,1271,1
3912,1221,1
3913,1271,0
3914,1629,3
3915,1271,0
3916,433,0
3917,408,0
3918,585,0
3919,1376,3
3920,1556,4
3921,131,0
3922,102,0
3923,1341,0
3924,1393,1
3925,1164,2
3926,709,1
3927,754,2
3928,872,1
3929,28,0
3930,221,10
3931,771,0
3932,1635,1
3933,975,0
3934,1479,0
3935,131,1
3936,326,1
3937,1375,1
3938,1555,1
3939,834,0
3940,1605,1
3941,1222,1
3942,1320,24
3943,368,7
3944,1110,1
3945,577,1
3946,1509,4
3947,1306,1
3948,1511,4
3949,1435,0
3950,776,0
3951,1249,0
3952,1418,0
3953,1366,0
3954,1190,0
3955,1014,0
3956,1375,1
3957,374,9
3958,1431,0
3959,1254,0
3960,658,1
3961,1279,2
3962,1197,0
3963,1520,12
3964,1044,2
3965,1137,1
3966,47,0
3967,1272,3
3968,491,0
3969,975,0
3970,506,2
3971,1652,0
3972,1057,1
3973,1375,2
3974,1406,2
3975,1215,1
3976,1552,0
3977,1419,1
3978,1235,0
3979,1458,3
3980,1543,0
3981,1376,0
3982,1376,1
3983,1375,0
3984,648,2
3985,1057,0
3986,1375,1
3987,1318,1
3988,1352,8
3989,564,0
3990,777,5
3991,914,1
3992,1238,4
3993,1319,1
3994,1162,1
3995,491,3
3996,263,39
3997,1290,1
3998,1278,2
3999,1281,1
4000,1418,0
4001,461,2
4002,1293,1
4003,878,1
4004,939,0
4005,1318,15
4006,771,2
4007,1319,0
4008,776,0
4009,28,9
4010,1375,0
4011,1324,16
4012,810,0
4013,1200,0
4014,1317,4
4015,771,0
4016,1026,2
4017,1347,0
4018,1335,0
4019,1132,1
4020,754,6
4021,1354,0
4022,23,2
4023,1494,1
4024,341,1
4025,1278,2
4026,1366,1
4027,933,2
4028,1355,19
4029,1381,0
4030,1359,5
4031,259,0
4032,131,1
4033,695,1
4034,1173,2
4035,693,1
4036,273,2
4037,831,1
4038,1516,11
4039,1352,0
4040,69,0
4041,569,1
4042,1087,1
4043,1355,0
4044,703,1
4045,1323,0
4046,1516,2
4047,1493,1
4048,607,1
4049,1214,1
4050,1147,0
4051,576,1
4052,1554,1
4053,811,0
4054,1538,2
4055,207,1
4056,1386,1
4057,1706,0
4058,1603,0
4059,1319,1
4060,1272,0
4061,1358,1
4062,1556,1
4063,690,0
4064,1006,1
4065,770,0
4066,885,0
4067,912,4
4068,1574,8
4069,976,1
4070,1517,0
4071,1028,1
4072,882,6
4073,980,1
4074,1375,1
4075,1301,2
4076,1297,19
4077,1296,8
4078,1208,0
4079,1278,0
4080,1084,4
4081,1541,1
4082,1215,1
4083,1379,2
4084,1423,1
4085,383,2
4086,1742,0
4087,947,0
4088,264,0
4089,1678,0
4090,1300,1
4091,28,0
4092,1215,0
4093,697,0
4094,1418,2
4095,1157,0
4096,455,0
4097,1476,0
4098,1516,2
4099,1385,0
4100,1385,0
4101,1375,1
4102,1244,0
4103,1405,3
4104,770,1
4105,1004,0
4106,591,0
4107,108,1
4108,745,1
4109,776,0
4110,882,0
4111,1283,0
4112,130,0
4113,1296,2
4114,1375,1
4115,1345,1
4116,362,3
4117,550,1
4118,1317,2
4119,1324,1
4120,953,3
4121,352,1
4122,1376,0
4123,975,1
4124,232,6
4125,633,0
4126,1376,0
4127,1245,0
4128,977,1
4129,1110,0
4130,1571,7
4131,767,7
4132,454,1
4133,1089,18
4134,933,0
4135,1719,0
4136,362,1
4137,1428,1
4138,1509,0
4139,1279,5
4140,1376,0
4141,1375,5
4142,1036,0
4143,1320,0
4144,1355,0
4145,1094,0
4146,1580,0
4147,1345,1
4148,1352,9
4149,1568,21
4150,1376,3
4151,1509,2
4152,911,1
4153,1161,0
4154,1423,4
4155,1515,0
4156,1263,0
4157,1070,4
4158,1376,3
4159,457,0
4160,776,1
4161,77,1
4162,770,0
4163,575,1
4164,701,1
4165,134,6
4166,1214,1
4167,348,1
4168,1078,1
4169,1376,1
4170,170,1
4171,1262,0
4172,1376,4
4173,1376,0
4174,210,0
4175,1467,0
4176,1520,0
4177,1375,0
4178,1520,5
4179,461,0
4180,567,1
4181,1580,23
4182,1729,0
4183,821,1
4184,857,1
4185,1679,1
4186,1132,1
4187,1094,1
4188,1097,0
4189,1692,1
4190,1375,1
4191,770,4
4192,1510,0
4193,975,1
4194,1376,1
4195,1279,0
4196,1474,2
4197,231,3
4198,1297,4
4199,1297,4
4200,947,0
4201,208,0
4202,549,1
4203,882,1
4204,1733,2
4205,461,1
4206,1297,6
4207,1125,0
4208,1509,1
4209,975,2
4210,1739,0
4211,1088,1
4212,1006,0
4213,493,1
4214,933,3
4215,1351,2
4216,214,1
4217,975,2
4218,240,0
4219,1509,0
4220,266,3
4221,148,0
4222,1014,1
4223,216,1
4224,509,1
4225,1295,0
4226,1530,1
4227,1347,1
4228,1319,0
4229,546,2
4230,1163,0
4231,754,0
4232,1376,4
4233,577,1
4234,1403,0
4235,1092,2
4236,1122,0
4237,1377,3
4238,1000,2
4239,1296,1
4240,1516,7
4241,1043,4
4242,1123,1
4243,1554,1
4244,221,6
4245,1157,0
4246,368,1
4247,24,1
4248,1006,0
4249,1278,1
4250,277,0
4251,1509,0
4252,1648,1
4253,558,3
4254,966,1
4255,1494,5
4256,1243,2
4257,1580,7
4258,1426,2
4259,1347,22
4260,263,0
4261,221,0
4262,933,0
4263,251,0
4264,972,5
4265,1376,1
4266,725,1
4267,1354,2
4268,1164,1
4269,597,2
4270,353,1
4271,1089,0
4272,1158,1
4273,1694,1
4274,1108,4
4275,1315,1
4276,1310,0
4277,929,1
4278,1124,2
4279,1519,3
4280,1376,2
4281,1319,1
4282,512,68
4283,884,0
4284,661,0
4285,975,0
4286,1409,1
4287,1324,1
4288,1180,2
4289,1376,4
4290,1493,1
4291,512,2
4292,1319,0
4293,494,0
4294,1407,1
4295,1437,1
4296,1517,0
4297,1129,0
4298,1376,2
4299,405,0
4300,284,2
4301,228,0
4302,435,3
4303,328,1
4304,1155,2
4305,1296,1
4306,1300,3
4307,1244,0
4308,1082,0
4309,746,1
4310,1200,2
4311,1375,37
4312,1446,0
4313,553,1
4314,1252,1
4315,370,3
4316,1352,0
4317,1587,1
4318,1297,0
4319,1429,0
4320,947,4
4321,1355,1
4322,311,0
4323,311,1
4324,247,0
4325,1200,4
4326,1375,1
4327,491,0
4328,947,1
4329,879,1
4330,202,2
4331,727,0
4332,947,4
4333,1671,1
4334,767,1
4335,930,2
4336,1035,0
4337,930,5
4338,1110,1
4339,406,2
4340,1462,3
4341,131,1
4342,373,1
4343,18,0
4344,1189,0
4345,1374,9
4346,1555,0
4347,1656,2
4348,217,0
4349,820,4
4350,1164,1
4351,1558,2
4352,1271,2
4353,1280,1
4354,1300,1
4355,965,2
4356,553,1
4357,1296,1
4358,166,24
4359,1520,1
4360,970,0
4361,1343,1
4362,512,1
4363,1434,3
4364,1367,0
4365,0,5
4366,184,1
4367,1708,1
4368,214,8
4369,1686,1
4370,1375,1
4371,772,4
4372,1510,1
4373,1739,0
4374,1409,2
4375,1607,0
4376,1538,1
4377,533,0
4378,132,2
4379,208,9
4380,124,1
4381,1319,0
4382,754,7
4383,895,0
4384,484,0
4385,208,4
4386,1557,1
4387,753,1
4388,975,3
4389,1375,1
4390,1738,0
4391,1297,12
4392,1376,1
4393,474,0
4394,132,2
4395,1346,1
4396,832,0
4397,1381,9
4398,995,0
4399,958,2
4400,929,3
4401,1471,0
4402,1586,1
4403,1375,1
4404,1375,0
4405,669,1
4406,1429,1
4407,1057,1
4408,1429,2
4409,475,2
4410,1341,1
4411,1355,0
4412,1043,1
4413,475,0
4414,619,0
4415,1043,3
4416,1238,14
4417,814,1
4418,1188,2
4419,1680,1
4420,1354,1
4421,1030,0
4422,857,1
4423,1374,9
4424,804,0
4425,1345,3
4426,221,0
4427,221,0
4428,512,2
4429,1320,1
4430,1320,0
4431,1374,3
4432,1214,1
4433,946,0
4434,497,4
4435,1113,0
4436,1376,2
4437,1228,1
4438,1655,0
4439,905,1
4440,1677,0
4441,857,0
4442,1081,1
4443,1274,2
4444,221,1
4445,885,1
4446,319,2
4447,475,0
4448,161,0
4449,933,0
4450,1516,0
4451,1682,0
4452,1297,1
4453,439,2
4454,1294,0
4455,1085,1
4456,635,4
4457,1375,0
4458,1318,1
4459,159,0
4460,68,0
4461,848,10
4462,1086,0
4463,1406,0
4464,124,1
4465,1376,1
4466,131,1
4467,1244,2
4468,1376,18
4469,1618,0
4470,968,0
4471,956,1
4472,975,0
4473,1214,1
4474,995,5
4475,152,0
4476,1279,1
4477,1553,4
4478,1553,6
4479,1236,0
4480,930,1
4481,984,1
4482,1678,1
4483,1376,1
4484,528,0
4485,577,0
4486,1375,2
4487,1456,2
4488,770,1
4489,992,1
4490,1651,0
4491,1297,0
4492,1484,0
4493,231,3
4494,573,1
4495,905,0
4496,787,0
4497,1509,0
4498,1375,47
4499,929,1
4500,1036,2
4501,885,1
4502,1297,1
4503,521,0
4504,1375,2
4505,1516,1
4506,857,1
4507,1200,0
4508,515,0
4509,1450,0
4510,770,0
4511,1236,0
4512,1515,1
4513,1231,0
4514,331,0
4515,1208,1
4516,1510,3
4517,425,1
4518,1025,1
4519,1515,0
4520,1493,1
4521,1510,0
4522,1376,3
4523,26,1
4524,1483,0
4525,224,0
4526,1375,1
4527,1297,3
4528,1509,7
4529,46,0
4530,1112,1
4531,1101,1
4532,1692,1
4533,1509,2
4534,94,2
4535,736,0
4536,1375,1
4537,1106,3
4538,1376,2
4539,771,0
4540,1426,0
4541,1376,1
4542,1431,2
4543,606,1
4544,1591,8
4545,438,0
4546,438,1
4547,789,0
4548,1376,1
4549,425,0
4550,1323,1
4551,1586,0
4552,1587,1
4553,1435,6
4554,1509,46
4555,1320,2
4556,799,0
4557,1300,0
4558,886,1
4559,1307,0
4560,882,0
4561,1729,0
4562,728,2
4563,1057,0
4564,136,2
4565,929,0
4566,1509,7
4567,1645,8
4568,1353,0
4569,424,1
4570,561,0
4571,368,2
4572,1533,1
4573,1437,2
4574,1295,0
4575,1307,5
4576,131,0
4577,1270,4
4578,200,6
4579,200,4
4580,1103,0
4581,136,0
4582,1458,0
4583,233,1
4584,1078,0
4585,1513,1
4586,1539,1
4587,1516,1
4588,449,1
4589,777,2
4590,1627,0
4591,1215,0
4592,179,0
4593,1649,0
4594,1446,0
4595,977,0
4596,1073,2
4597,877,1
4598,86,1
4599,1570,1
4600,1723,3
4601,217,0
4602,335,0
4603,1342,1
4604,23,0
4605,1078,4
4606,1238,1
4607,878,1
4608,1395,1
4609,1509,4
4610,1516,22
4611,1433,0
4612,132,17
4613,576,0
4614,1260,0
4615,487,0
4616,1297,1
4617,1520,0
4618,577,0
4619,1562,3
4620,1224,0
4621,1223,0
4622,1141,1
4623,1653,1
4624,221,2
4625,200,5
4626,67,0
4627,519,1
4628,1493,4
4629,947,5
4630,1316,0
4631,1297,6
4632,209,0
4633,1452,0
4634,873,1
4635,1681,4
4636,1175,1
4637,48,1
4638,1678,1
4639,1133,2
4640,1571,1
4641,430,0
4642,1301,0
4643,412,4
4644,208,2
4645,131,1
4646,779,0
4647,1376,1
4648,433,1
4649,290,1
4650,572,5
4651,474,2
4652,1467,0
4653,1446,5
4654,1445,3
4655,1466,0
4656,1467,0
4657,1466,1
4658,256,0
4659,1375,0
4660,1110,0
4661,814,0
4662,1482,1
4663,940,1
4664,1354,2
4665,758,1
4666,586,3
4667,1153,2
4668,1270,3
4669,1165,1
4670,131,0
4671,1319,0
4672,1516,5
4673,37,2
4674,466,0
4675,905,4
4676,1296,6
4677,1087,0
4678,1324,1
4679,1402,3
4680,1455,1
4681,170,1
4682,1377,0
4683,1204,1
4684,1238,0
4685,1432,0
4686,200,1
4687,770,1
4688,210,2
4689,1489,1
4690,1223,0
4691,200,1
4692,1352,1
4693,567,1
4694,1057,1
4695,1010,0
4696,585,3
4697,585,0
4698,1050,1
4699,549,1
4700,1592,1
4701,1297,13
4702,1270,0
4703,1587,1
4704,1174,0
4705,1300,1
4706,1375,0
4707,1344,0
4708,995,2
4709,273,1
4710,1096,0
4711,670,1
4712,893,0
4713,208,2
4714,1477,0
4715,1343,2
4716,770,1
4717,317,6
4718,134,0
4719,200,0
4720,1320,1
4721,331,0
4722,528,2
4723,244,0
4724,316,16
4725,462,3
4726,770,0
4727,1146,4
4728,1200,6
4729,1192,0
4730,1324,1
4731,1124,5
4732,577,2
4733,576,0
4734,976,1
4735,27,0
4736,711,1
4737,1272,1
4738,929,0
4739,1373,1
4740,776,0
4741,562,3
4742,972,0
4743,975,0
4744,1010,0
4745,1571,1
4746,132,2
4747,776,0
4748,1514,6
4749,554,1
4750,1106,5
4751,1215,0
4752,1210,1
4753,1238,1
4754,1540,1
4755,1516,0
4756,857,0
4757,1210,0
4758,1343,1
4759,1375,1
4760,1372,1
4761,1568,0
4762,1124,2
4763,1467,0
4764,592,9
4765,607,0
4766,491,0
4767,1568,1
4768,2,1
4769,1568,0
4770,1375,1
4771,947,0
4772,990,6
4773,1280,2
4774,1375,8
4775,1523,1
4776,1520,0
4777,1124,0
4778,318,0
4779,1376,1
4780,62,0
4781,130,0
4782,1532,0
4783,41,1
4784,659,1
4785,901,0
4786,1671,0
4787,1091,0
4788,1350,0
4789,1482,0
4790,975,4
4791,239,0
4792,1580,1
4793,770,2
4794,639,3
4795,1453,13
4796,442,2
4797,770,0
4798,930,4
4799,1075,0
4800,1059,8
4801,1376,0
4802,311,1
4803,1393,1
4804,777,0
4805,1174,0
4806,1355,1
4807,1272,1
4808,270,0
4809,1580,0
4810,1276,1
4811,1375,1
4812,1238,0
4813,1296,46
4814,1267,3
4815,1267,1
4816,1381,5
4817,1355,12
4818,1000,0
4819,1381,2
4820,1587,0
4821,921,1
4822,905,3
4823,777,1
4824,491,1
4825,1515,14
4826,1163,17
4827,942,1
4828,999,3
4829,777,0
4830,1474,4
4831,683,1
4832,1214,2
4833,1317,10
4834,1210,3
4835,1429,0
4836,1376,2
4837,1515,0
4838,1372,0
4839,1278,6
4840,1585,1
4841,1516,0
4842,514,0
4843,1271,0
4844,1352,1
4845,811,0
4846,286,0
4847,191,0
4848,1300,1
4849,635,1
4850,976,6
4851,1698,3
4852,1157,1
4853,1007,0
4854,1377,3
4855,1169,0
4856,770,0
4857,693,1
4858,754,0
4859,1678,0
4860,341,0
4861,777,1
4862,1586,2
4863,1393,1
4864,634,1
4865,867,4
4866,929,0
4867,319,0
4868,1509,1
4869,780,4
4870,975,0
4871,864,0
4872,1502,1
4873,995,0
4874,597,1
4875,881,4
4876,1570,0
4877,1580,0
4878,1375,0
4879,771,0
4880,1461,1
4881,1279,1
4882,1701,0
4883,1236,1
4884,1376,7
4885,923,0
4886,1109,1
4887,1708,1
4888,1509,0
4889,476,0
4890,1101,1
4891,933,5
4892,419,0
4893,1543,0
4894,1327,0
4895,1376,2
4896,1515,2
4897,1195,1
4898,1376,1
4899,1239,0
4900,905,69
4901,145,2
4902,1458,3
4903,1713,4
4904,1074,0
4905,556,0
4906,554,0
4907,1526,0
4908,131,3
4909,1455,0
4910,143,3
4911,510,1
4912,776,1
4913,1418,0
4914,896,0
4915,1435,0
4916,1124,0
4917,289,1
4918,949,4
4919,1520,1
4920,501,1
4921,428,1
4922,1375,1
4923,1375,3
4924,270,0
4925,493,1
4926,839,0
4927,820,2
4928,815,2
4929,777,2
4930,782,1
4931,340,0
4932,1520,1
4933,341,1
4934,1352,0
4935,226,4
4936,1159,2
4937,1376,0
4938,976,0
4939,929,1
4940,1343,0
4941,1077,1
4942,1430,1
4943,1030,0
4944,770,0
4945,1509,1
4946,435,3
4947,1378,1
4948,1,2
4949,1,1
4950,1399,3
4951,976,5
4952,1078,16
4953,1130,2
4954,771,2
4955,1481,1
4956,709,0
4957,132,1
4958,891,1
4959,1584,1
4960,1296,1
4961,39,0
4962,456,1
4963,411,1
4964,1297,9
4965,1590,1
4966,52,2
4967,1023,2
4968,1352,1
4969,1583,5
4970,274,1
4971,1672,0
4972,763,1
4973,1539,0
4974,932,0
4975,1376,1
4976,475,0
4977,1036,4
4978,124,0
4979,1516,1
4980,770,0
4981,512,2
4982,1393,1
4983,1376,1
4984,814,0
4985,24,0
4986,1038,1
4987,1721,0
4988,71,6
4989,128,0
4990,891,1
4991,174,8
4992,598,1
4993,2,0
4994,1209,0
4995,839,0
4996,1300,1
4997,1377,1
4998,1509,0
4999,1235,4
5000,1720,1
5001,418,1
5002,664,1
5003,1094,1
5004,28,3
5005,1509,1
5006,929,0
5007,137,0
5008,1208,0
5009,1121,1
5010,1125,1
5011,132,9
5012,134,0
5013,1173,1
5014,1516,5
5015,1515,6
5016,1641,1
5017,373,0
5018,1559,0
5019,1377,0
5020,1238,1
5021,577,0
5022,158,0
5023,524,1
5024,1516,2
5025,1648,0
5026,446,0
5027,51,0
5028,1244,0
5029,863,1
5030,1569,0
5031,180,0
5032,1140,0
5033,1112,1
5034,1296,1
5035,29,6
5036,1418,1
5037,1645,0
5038,1571,9
5039,1739,0
5040,142,0
5041,251,1
5042,1233,1
5043,1516,0
5044,131,1
5045,1311,1
5046,1121,0
5047,1648,1
5048,1071,1
5049,1300,1
5050,1377,1
5051,1094,0
5052,1413,2
5053,869,1
5054,855,9
5055,259,0
5056,788,0
5057,198,0
5058,1514,2
5059,461,4
5060,1022,0
5061,770,0
5062,1353,0
5063,1173,2
5064,999,5
5065,1259,1
5066,653,0
5067,1352,0
5068,688,2
5069,1375,1
5070,1128,0
5071,1393,18
5072,1509,2
5073,546,0
5074,1319,0
5075,1376,0
5076,1111,5
5077,1677,0
5078,976,1
5079,1372,1
5080,1297,0
5081,1083,4
5082,1375,1
5083,1318,0
5084,1375,4
5085,1324,0
5086,319,2
5087,681,1
5088,1238,1
5089,1515,0
5090,1095,2
5091,742,1
5092,1735,2
5093,1378,1
5094,1215,1
5095,942,1
5096,1605,0
5097,896,0
5098,1378,4
5099,952,3
5100,1238,0
5101,1493,10
5102,1459,1
5103,1318,1
5104,1157,1
5105,1006,1
5106,1432,2
5107,905,1
5108,28,3
5109,510,4
5110,1124,0
5111,1206,1
5112,1078,7
5113,1393,1
5114,584,5
5115,324,0
5116,1692,12
5117,1274,1
5118,1351,1
5119,1236,2
5120,1376,0
5121,1243,1
5122,508,0
5123,1038,0
5124,754,3
5125,567,0
5126,770,4
5127,138,5
5128,1185,0
5129,1300,0
5130,1587,13
5131,976,1
5132,1449,1
5133,561,1
5134,239,0
5135,985,0
5136,1084,4
5137,706,3
5138,975,2
5139,1085,0
5140,1375,4
5141,100,3
5142,1320,0
5143,1163,1
5144,292,0
5145,1353,0
5146,1555,1
5147,546,3
5148,475,1
5149,553,1
5150,1375,0
5151,1703,0
5152,786,1
5153,585,5
5154,265,1
5155,309,1
5156,703,1
5157,1320,2
5158,19,0
5159,1640,1
5160,1376,0
5161,1516,9
5162,1244,0
5163,1375,2
5164,259,1
5165,1510,0
5166,1344,2
5167,1606,6
5168,522,2
5169,319,0
5170,775,2
5171,1568,0
5172,324,1
5173,384,1
5174,23,4
5175,1279,5
5176,1235,1
5177,1212,0
5178,1244,1
5179,1647,0
5180,259,0
5181,28,2
5182,1550,6
5183,1088,0
5184,1516,2
5185,390,1
5186,1317,0
5187,942,0
5188,1300,1
5189,1315,2
5190,1078,0
5191,442,2
5192,935,0
5193,1367,0
5194,975,0
5195,418,1
5196,1441,1
5197,836,1
5198,1355,1
5199,1370,1
5200,1179,1
5201,209,4
5202,1348,1
5203,1615,0
5204,1450,0
5205,1302,1
5206,701,1
5207,1744,1
5208,1537,0
5209,754,10
5210,1098,0
5211,1202,8
5212,1188,0
5213,975,2
5214,110,0
5215,1558,1
5216,1355,0
5217,1352,0
5218,1393,0
5219,1406,2
5220,976,1
5221,662,0
5222,1324,3
5223,335,1
5224,207,0
5225,1336,0
5226,1516,0
5227,1209,0
5228,1378,1
5229,1125,1
5230,528,1
5231,134,0
5232,1162,2
5233,753,0
5234,1064,0
5235,224,0
5236,933,4
5237,871,0
5238,1219,13
5239,1360,1
5240,1113,1
5241,886,0
5242,1298,3
5243,1203,3
5244,1375,2
5245,1516,1
5246,656,2
5247,336,0
5248,1499,1
5249,980,4
5250,60,0
5251,784,1
5252,1481,4
5253,1040,3
5254,470,1
5255,1393,1
5256,1716,1
5257,1116,0
5258,1307,1
5259,908,0
5260,562,1
5261,1479,13
5262,1510,2
5263,1330,0
5264,1492,0
5265,1381,1
5266,1375,20
5267,1063,1
5268,772,0
5269,1297,0
5270,1324,0
5271,1299,0
5272,975,3
5273,432,3
5274,461,1
5275,1324,0
5276,1664,0
5277,1094,0
5278,92,1
5279,1375,1
5280,461,3
5281,577,1
5282,300,0
5283,577,3
5284,1122,0
5285,569,1
5286,770,1
5287,1372,0
5288,637,0
5289,693,0
5290,770,0
5291,1355,0
5292,1235,0
5293,1379,1
5294,1352,1
5295,728,0
5296,1663,2
5297,753,0
5298,942,0
5299,975,0
5300,754,1
5301,574,0
5302,1448,1
5303,808,0
5304,1732,1
5305,1732,0
5306,1449,1
5307,1027,0
5308,273,0
5309,1099,0
5310,667,1
5311,964,0
5312,512,1
5313,886,1
5314,932,0
5315,1078,1
5316,878,0
5317,1375,5
5318,122,0
5319,1406,8
5320,636,2
5321,446,0
5322,1204,1
5323,975,2
5324,1300,2
5325,311,0
5326,577,1
5327,1504,0
5328,905,3
5329,1690,4
5330,1250,2
5331,1516,0
5332,1393,0
5333,933,1
5334,1319,0
5335,1575,2
5336,1580,0
5337,279,1
5338,1411,1
5339,1124,2
5340,1010,1
5341,1446,0
5342,548,0
5343,1296,0
5344,1446,3
5345,933,1
5346,1071,1
5347,171,1
5348,1355,0
5349,1162,4
5350,1078,1
5351,528,0
5352,1376,0
5353,96,1
5354,808,1
5355,528,1
5356,1402,2
5357,476,0
5358,1393,1
5359,1317,3
5360,1581,1
5361,1057,2
5362,1162,2
5363,259,0
5364,420,2
5365,535,1
5366,1514,1
5367,8,0
5368,675,0
5369,1690,1
5370,998,0
5371,919,1
5372,778,0
5373,576,0
5374,976,2
5375,587,0
5376,776,0
5377,1520,1
5378,1376,0
5379,152,1
5380,1000,0
5381,90,2
5382,1279,0
5383,1482,0
5384,1296,2
5385,611,0
5386,1497,0
5387,665,0
5388,905,1
5389,528,1
5390,818,1
5391,777,0
5392,580,1
5393,1223,1
5394,839,0
5395,1188,7
5396,976,2
5397,1124,4
5398,1271,1
5399,528,3
5400,1318,1
5401,825,0
5402,439,5
5403,1374,0
5404,613,1
5405,1687,0
5406,1108,3
5407,1587,0
5408,1685,1
5409,1744,0
5410,1238,2
5411,577,0
5412,1238,2
5413,534,0
5414,1508,0
5415,235,2
5416,461,2
5417,688,1
5418,1493,1
5419,995,0
5420,27,2
5421,349,0
5422,1341,0
5423,1319,1
5424,1503,1
5425,362,2
5426,975,1
5427,1355,7
5428,1323,1
5429,1377,1
5430,638,2
5431,942,25
5432,316,18
5433,771,2
5434,1324,0
5435,1376,1
5436,1393,1
5437,1092,0
5438,1718,1
5439,1209,2
5440,1003,1
5441,1018,0
5442,1375,2
5443,1375,24
5444,7,0
5445,383,0
5446,1658,1
5447,1090,2
5448,1376,0
5449,645,1
5450,1511,2
5451,58,0
5452,57,1
5453,1393,0
5454,1324,3
5455,1415,0
5456,1307,1
5457,1363,1
5458,132,7
5459,1510,1
5460,1674,0
5461,1239,2
5462,562,5
5463,1355,2
5464,771,0
5465,976,3
5466,1690,6
5467,1685,0
5468,1089,3
5469,806,0
5470,1708,3
5471,423,1
5472,1211,0
5473,429,0
5474,839,3
5475,1355,7
5476,558,0
5477,1086,2
5478,1375,2
5479,208,1
5480,53,0
5481,902,0
5482,464,1
5483,1393,3
5484,1565,2
5485,1403,0
5486,95,0
5487,131,0
5488,1376,1
5489,948,3
5490,975,0
5491,956,2
5492,1482,1
5493,577,1
5494,1301,2
5495,1419,1
5496,1485,1
5497,577,3
5498,944,1
5499,930,2
5500,1077,5
5501,576,0
5502,1502,1
5503,368,0
5504,1562,1
5505,1460,0
5506,975,1
5507,1381,1
5508,933,0
5509,1381,1
5510,576,2
5511,373,5
5512,16,1
5513,1239,12
5514,522,5
5515,1568,16
5516,1509,1
5517,1117,0
5518,728,2
5519,777,0
5520,1235,3
5521,1661,1
5522,705,1
5523,1354,1
5524,1509,0
5525,273,1
5526,725,1
5527,476,0
5528,1458,3
5529,1645,0
5530,493,3
5531,221,0
5532,1728,5
5533,1728,2
5534,815,1
5535,1290,4
5536,1297,0
5537,228,0
5538,201,1
5539,1163,0
5540,940,2
5541,273,0
5542,83,1
5543,1449,1
5544,97,1
5545,1509,7
5546,1708,1
5547,1708,0
5548,1371,1
5549,1269,0
5550,442,5
5551,1077,1
5552,131,2
5553,1376,2
5554,866,1
5555,330,2
5556,512,8
5557,1102,0
5558,1568,5
5559,221,0
5560,959,1
5561,960,1
5562,939,1
5563,1321,0
5564,90,1
5565,1008,2
5566,1373,1
5567,1585,0
5568,1124,0
5569,655,2
5570,1322,1
5571,1530,0
5572,473,1
5573,1279,0
5574,389,0
5575,876,0
5576,461,0
5577,136,1
5578,1332,0
5579,942,1
5580,1231,0
5581,1375,0
5582,1213,0
5583,204,2
5584,1376,0
5585,1375,3
5586,990,8
5587,1320,10
5588,776,0
5589,256,3
5590,132,6
5591,341,1
5592,976,0
5593,1320,1
5594,1375,1
5595,1377,0
5596,1448,1
5597,532,1
5598,1078,0
5599,1215,0
5600,1279,0
5601,1500,0
5602,252,2
5603,1280,2
5604,159,5
5605,132,7
5606,1035,1
5607,533,1
5608,637,3
5609,1568,7
5610,566,1
5611,221,0
5612,1449,1
5613,620,0
5614,1241,2
5615,1185,0
5616,528,2
5617,1238,22
5618,1354,0
5619,1354,0
5620,151,3
5621,1013,1
5622,888,10
5623,88,0
5624,275,0
5625,771,2
5626,356,1
5627,947,0
5628,947,5
5629,947,3
5630,1240,1
5631,1571,1
5632,738,0
5633,655,1
5634,439,2
5635,221,0
5636,1496,2
5637,1277,0
5638,603,1
5639,771,2
5640,1168,1
5641,1711,0
5642,1082,1
5643,1516,1
5644,1347,0
5645,318,1
5646,221,0
5647,467,0
5648,1354,1
5649,1352,1
5650,1527,6
5651,778,1
5652,1375,1
5653,1115,5
5654,1393,2
5655,251,0
5656,341,1
5657,1297,3
5658,1297,1
5659,1356,0
5660,1393,1
5661,777,5
5662,1319,0
5663,138,1
5664,1200,4
5665,594,0
5666,1086,0
5667,1431,0
5668,1509,1
5669,1375,0
5670,1355,2
5671,1202,1
5672,1290,0
5673,1300,1
5674,482,1
5675,1375,0
5676,973,1
5677,1375,3
5678,1195,0
5679,1324,0
5680,1000,0
5681,224,0
5682,776,1
5683,1324,0
5684,776,1
5685,1235,3
5686,1333,0
5687,1376,2
5688,1510,1
5689,1299,0
5690,966,1
5691,352,23
5692,872,0
5693,1376,1
5694,1306,3
5695,1282,5
5696,1049,1
5697,1046,0
5698,1087,1
5699,1299,1
5700,884,0
5701,132,2
5702,1022,7
5703,1512,1
5704,1138,9
5705,370,0
5706,1509,0
5707,1375,0
5708,1375,1
5709,1375,0
5710,1375,2
5711,329,1
5712,236,5
5713,221,4
5714,1568,0
5715,934,2
5716,1200,0
5717,1457,1
5718,132,1
5719,1355,1
5720,777,0
5721,1116,3
5722,1515,10
5723,493,1
5724,176,1
5725,514,2
5726,1279,1
5727,933,0
5728,1450,0
5729,1354,0
5730,1355,1
5731,1177,2
5732,598,1
5733,201,1
5734,1316,2
5735,771,0
5736,1480,0
5737,778,1
5738,784,0
5739,1316,2
5740,1355,0
5741,1724,1
5742,1290,0
5743,212,0
5744,1375,0
5745,754,0
5746,1279,3
5747,887,0
5748,45,0
5749,1516,0
5750,1719,0
5751,131,0
5752,880,1
5753,1200,5
5754,1673,1
5755,1376,42
5756,1376,0
5757,655,2
5758,797,1
5759,276,0
5760,1433,0
5761,102,0
5762,1124,3
5763,994,2
5764,1376,0
5765,753,1
5766,1235,7
5767,577,1
5768,1393,0
5769,932,0
5770,341,1
5771,1125,0
5772,1355,12
5773,1554,0
5774,972,1
5775,771,1
5776,1374,1
5777,1129,0
5778,1110,3
5779,904,3
5780,427,0
5781,1080,0
5782,651,2
5783,368,0
5784,1457,1
5785,1372,15
5786,1538,4
5787,54,0
5788,1072,0
5789,1375,6
5790,882,0
5791,1628,4
5792,273,0
5793,1157,2
5794,1375,11
5795,181,0
5796,654,2
5797,1375,2
5798,132,5
5799,66,1
5800,536,0
5801,1393,0
5802,1154,3
5803,311,2
5804,732,0
5805,287,1
5806,1375,4
5807,1394,1
5808,1509,1
5809,1375,1
5810,1116,67
5811,1648,0
5812,905,1
5813,954,0
5814,1559,1
5815,553,1
5816,827,0
5817,1296,0
5818,1215,1
5819,131,1
5820,148,3
5821,1375,1
5822,1320,0
5823,1028,0
5824,1215,0
5825,947,1
5826,532,1
5827,187,0
5828,1296,2
5829,1353,0
5830,1340,1
5831,1295,1
5832,1136,1
5833,947,3
5834,533,0
5835,1091,0
5836,1376,1
5837,1036,0
5838,430,0
5839,1124,0
5840,1355,9
5841,999,1
5842,1273,1
5843,392,2
5844,1043,0
5845,348,2
5846,609,3
5847,975,3
5848,1283,2
5849,1375,0
5850,1375,0
5851,1235,16
5852,816,1
5853,374,1
5854,1035,0
5855,1087,0
5856,1120,1
5857,975,4
5858,622,0
5859,1010,0
5860,1432,0
5861,860,0
5862,882,0
5863,569,1
5864,1321,0
5865,1612,1
5866,1515,7
5867,1375,2
5868,777,1
5869,318,1
5870,806,0
5871,1200,0
5872,1068,0
5873,1297,2
5874,1007,2
5875,1124,0
5876,1375,6
5877,1443,0
5878,1023,1
5879,776,1
5880,1376,7
5881,655,1
5882,52,4
5883,1354,0
5884,1352,0
5885,776,2
5886,1512,2
5887,929,1
5888,1376,1
5889,1291,0
5890,1077,0
5891,1078,3
5892,1208,0
5893,905,0
5894,1418,0
5895,515,0
5896,905,1
5897,1124,0
5898,1355,1
5899,561,2
5900,965,0
5901,1290,0
5902,1355,1
5903,1124,2
5904,451,1
5905,714,1
5906,1325,1
5907,1393,0
5908,525,0
5909,569,0
5910,1121,1
5911,1046,0
5912,1352,0
5913,880,4
5914,577,0
5915,1086,0
5916,1039,0
5917,753,2
5918,1117,2
5919,905,0
5920,905,3
5921,1515,1
5922,1317,0
5923,1297,2
5924,695,0
5925,1294,0
5926,484,5
5927,874,0
5928,1174,0
5929,1043,1
5930,1130,2
5931,440,1
5932,527,0
5933,150,0
5934,1446,1
5935,1467,0
5936,1446,1
5937,200,1
5938,1096,1
5939,51,0
5940,208,3
5941,1417,0
5942,803,2
5943,1091,0
5944,1255,0
5945,657,0
5946,415,1
5947,764,0
5948,664,0
5949,1451,0
5950,124,3
5951,569,2
5952,771,1
5953,5,0
5954,1516,7
5955,1060,0
5956,815,0
5957,1284,1
5958,1703,2
5959,1179,1
5960,1179,1
5961,454,0
5962,559,3
5963,1068,1
5964,124,1
5965,131,7
5966,1178,1
5967,1085,0
5968,601,0
5969,177,1
5970,321,0
5971,1702,0
5972,1172,1
5973,947,2
5974,1164,0
5975,473,2
5976,1459,1
5977,561,1
5978,778,0
5979,560,1
5980,1509,1
5981,1684,0
5982,1696,1
5983,1295,0
5984,1440,1
5985,1663,3
5986,947,1
5987,1493,0
5988,840,0
5989,1498,2
5990,178,3
5991,1376,3
5992,1200,1
5993,814,1
5994,1571,2
5995,753,0
5996,735,0
5997,1428,1
5998,1352,2
5999,792,3
6000,770,0
6001,1670,0
6002,175,0
6003,1081,0
6004,721,3
6005,259,0
6006,1239,1
6007,1741,0
6008,592,3
6009,754,0
6010,1574,3
6011,567,0
6012,1654,0
6013,1645,0
6014,1568,1
6015,742,1
6016,1550,3
6017,107,0
6018,671,1
6019,942,0
6020,1558,3
6021,419,1
6022,1595,6
6023,1013,0
6024,1376,0
6025,589,2
6026,1318,0
6027,341,1
6028,171,0
6029,1108,3
6030,932,1
6031,259,1
6032,976,0
6033,880,0
6034,157,0
6035,1301,2
6036,1324,1
6037,1279,1
6038,1319,6
6039,1516,3
6040,614,1
6041,653,3
6042,1355,2
6043,749,1
6044,124,0
6045,1007,1
6046,1376,3
6047,273,0
6048,118,1
6049,1376,5
6050,1090,1
6051,959,3
6052,1354,0
6053,511,1
6054,1350,1
6055,1307,2
6056,1239,0
6057,1517,3
6058,28,4
6059,1376,3
6060,1271,1
6061,814,1
6062,1083,0
6063,871,0
6064,367,1
6065,490,0
6066,1375,1
6067,1402,2
6068,976,0
6069,22,0
6070,1283,2
6071,835,9
6072,770,0
6073,1273,0
6074,541,0
6075,684,2
6076,1514,0
6077,616,1
6078,780,1
6079,388,3
6080,1030,0
6081,1158,0
6082,1375,3
6083,719,1
6084,1419,1
6085,262,1
6086,7,0
6087,1265,1
6088,536,0
6089,1173,1
6090,1506,0
6091,131,0
6092,1450,1
6093,1352,0
6094,1376,1
6095,1159,1
6096,1375,1
6097,777,1
6098,170,0
6099,1567,1
6100,1430,0
6101,592,1
6102,1376,0
6103,1215,0
6104,1578,6
6105,48,2
6106,435,1
6107,207,0
6108,1376,0
6109,885,5
6110,1245,2
6111,794,0
6112,1078,1
6113,388,1
6114,4,0
6115,1515,0
6116,276,0
6117,1279,0
6118,51,1
6119,856,0
6120,1490,2
6121,221,4
6122,812,0
6123,515,2
6124,1047,1
6125,976,1
6126,95,2
6127,701,0
6128,777,0
6129,170,1
6130,974,0
6131,1355,0
6132,1449,1
6133,491,1
6134,1281,0
6135,1322,2
6136,1301,0
6137,1355,2
6138,336,5
6139,1056,1
6140,1376,1
6141,1378,1
6142,5,2
6143,1278,2
6144,1732,0
6145,1229,2
6146,1375,0
6147,1688,6
6148,1687,5
6149,374,5
6150,1267,2
6151,962,3
6152,1302,0
6153,132,1
6154,1295,1
6155,1294,2
6156,43,0
6157,766,2
6158,1510,1
6159,770,1
6160,1648,2
6161,124,2
6162,374,0
6163,374,1
6164,1375,1
6165,1116,0
6166,114,0
6167,323,1
6168,1375,7
6169,99,0
6170,1296,1
6171,777,0
6172,1,3
6173,374,0
6174,995,3
6175,1068,6
6176,1124,0
6177,553,1
6178,557,1
6179,1297,1
6180,1347,1
6181,976,1
6182,1378,0
6183,557,3
6184,1510,1
6185,1517,2
6186,199,2
6187,581,1
6188,430,2
6189,1375,1
6190,963,0
6191,1551,2
6192,1119,0
6193,1522,2
6194,594,0
6195,233,2
6196,942,1
6197,1380,0
6198,557,1
6199,645,2
6200,759,0
6201,1043,1
6202,1568,1
6203,929,1
6204,1355,5
6205,1057,2
6206,249,1
6207,724,0
6208,1732,3
6209,259,0
6210,1075,2
6211,1201,4
6212,1035,2
6213,574,0
6214,678,1
6215,1115,0
6216,943,1
6217,1514,1
6218,498,7
6219,1547,0
6220,1324,0
6221,946,2
6222,820,3
6223,273,4
6224,995,3
6225,1534,2
6226,97,1
6227,515,0
6228,1085,0
6229,728,0
6230,1244,1
6231,779,1
6232,1632,9
6233,1404,0
6234,1550,1
6235,1565,3
6236,776,0
6237,1297,1
6238,1302,0
6239,374,1
6240,1393,1
6241,1032,8
6242,1078,1
6243,758,1
6244,374,1
6245,1509,5
6246,999,0
6247,744,8
6248,1173,6
6249,879,0
6250,932,0
6251,1078,0
6252,1520,0
6253,1743,0
6254,1261,1
6255,296,1
6256,341,1
6257,952,1
6258,1297,0
6259,56,0
6260,506,1
6261,1568,0
6262,236,6
6263,562,4
6264,1347,10
6265,871,5
6266,1381,1
6267,1491,1
6268,790,2
6269,1446,0
6270,130,0
6271,155,1
6272,132,4
6273,960,2
6274,1272,2
6275,883,0
6276,1501,0
6277,1205,2
6278,871,0
6279,167,0
6280,1175,2
6281,1376,0
6282,1162,1
6283,990,7
6284,1165,0
6285,227,1
6286,1509,1
6287,1376,1
6288,148,2
6289,1214,1
6290,1381,0
6291,1593,0
6292,1300,1
6293,92,2
6294,536,1
6295,771,0
6296,770,1
6297,867,4
6298,1209,0
6299,1376,22
6300,1412,1
6301,734,2
6302,569,0
6303,1666,2
6304,528,1
6305,536,1
6306,1299,0
6307,607,0
6308,1295,0
6309,1118,1
6310,129,0
6311,874,0
6312,373,5
6313,986,1
6314,1376,1
6315,375,0
6316,1115,4
6317,1605,1
6318,1188,0
6319,386,0
6320,772,2
6321,884,3
6322,884,3
6323,326,0
6324,840,0
6325,1205,1
6326,973,0
6327,754,0
6328,236,2
6329,1035,0
6330,871,0
6331,962,1
6332,132,2
6333,1572,0
6334,1297,0
6335,960,0
6336,1516,1
6337,204,0
6338,975,1
6339,1342,0
6340,1187,2
6341,1020,2
6342,85,1
6343,1541,1
6344,417,1
6345,308,0
6346,354,1
6347,416,2
6348,851,0
6349,1669,0
6350,417,8
6351,771,0
6352,1638,0
6353,771,0
6354,1175,2
6355,659,0
6356,680,0
6357,995,6
6358,1423,1
6359,935,1
6360,568,1
6361,1681,1
6362,536,1
6363,536,0
6364,1244,0
6365,1509,0
6366,1296,2
6367,686,1
6368,1375,3
6369,1530,0
6370,1116,1
6371,1645,1
6372,1677,1
6373,711,0
6374,481,5
6375,1509,4
6376,1614,1
6377,1375,2
6378,1710,2
6379,280,0
6380,577,1
6381,975,6
6382,1296,0
6383,966,0
6384,872,1
6385,1375,4
6386,818,1
6387,239,3
6388,905,0
6389,1111,1
6390,867,4
6391,1650,4
6392,1509,1
6393,130,0
6394,232,1
6395,1637,3
6396,990,6
6397,1744,0
6398,1279,2
6399,171,1
6400,608,3
6401,890,3
6402,22,0
6403,1357,4
6404,1515,5
6405,929,3
6406,820,2
6407,1078,0
6408,777,0
6409,1163,14
6410,153,1
6411,909,1
6412,273,1
6413,1165,1
6414,1585,0
6415,1437,1
6416,1239,1
6417,1319,2
6418,1297,0
6419,1000,2
6420,583,3
6421,1023,1
6422,215,5
6423,1516,1
6424,777,4
6425,1324,1
6426,1000,1
6427,1176,2
6428,996,2
6429,362,2
6430,1516,0
6431,234,1
6432,1376,17
6433,671,2
6434,229,0
6435,1619,1
6436,1173,1
6437,1006,1
6438,232,1
6439,80,1
6440,1529,2
6441,1201,0
6442,536,2
6443,947,2
6444,1419,1
6445,1043,0
6446,847,6
6447,1381,0
6448,59,1
6449,995,10
6450,1375,3
6451,1529,1
6452,153,4
6453,1098,8
6454,1198,0
6455,310,2
6456,509,4
6457,432,1
6458,1087,2
6459,976,1
6460,1124,1
6461,585,1
6462,491,0
6463,976,3
6464,1467,1
6465,637,1
6466,1466,0
6467,1297,1
6468,1238,0
6469,1482,1
6470,132,2
6471,1381,0
6472,687,0
6473,1375,4
6474,1078,6
6475,878,0
6476,1555,1
6477,1319,0
6478,1236,3
6479,1645,0
6480,1375,4
6481,975,1
6482,1078,0
6483,872,1
6484,51,0
6485,1553,1
6486,1518,1
6487,820,1
6488,1520,1
6489,1173,1
6490,1375,1
6491,1295,0
6492,200,4
6493,962,1
6494,1167,0
6495,232,0
6496,759,0
6497,776,0
6498,1269,3
6499,1350,2
6500,796,9
6501,1449,1
6502,154,3
6503,777,9
6504,132,5
6505,640,2
6506,1509,0
6507,1355,5
6508,1375,1
6509,1616,2
6510,21,1
6511,461,0
6512,664,0
6513,553,1
6514,1599,1
6515,1518,1
6516,282,0
6517,1007,0
6518,1516,13
6519,1511,1
6520,1264,0
6521,1353,0
6522,1516,1
6523,682,3
6524,999,8
6525,1355,9
6526,1028,1
6527,642,0
6528,1518,2
6529,770,1
6530,1215,1
6531,814,0
6532,684,0
6533,1271,0
6534,1297,1
6535,976,7
6536,1375,1
6537,609,2
6538,1418,1
6539,48,0
6540,616,1
6541,1459,1
6542,154,1
6543,1320,1
6544,1124,1
6545,1092,4
6546,667,1
6547,1433,1
6548,1373,0
6549,1228,3
6550,885,8
6551,886,0
6552,95,2
6553,1568,0
6554,1078,6
6555,231,1
6556,999,1
6557,1457,0
6558,1279,2
6559,1058,0
6560,95,1
6561,381,0
6562,1509,0
6563,1374,1
6564,975,4
6565,681,0
6566,838,3
6567,406,0
6568,1088,1
6569,693,2
6570,1353,5
6571,289,0
6572,1124,0
6573,1322,2
6574,1648,1
6575,1439,1
6576,1178,1
6577,743,0
6578,1375,29
6579,897,0
6580,1743,0
6581,1246,1
6582,753,3
6583,976,0
6584,19,0
6585,1516,0
6586,870,2
6587,1418,0
6588,1554,0
6589,154,1
6590,132,3
6591,577,2
6592,1300,2
6593,483,0
6594,231,1
6595,284,0
6596,1300,5
6597,232,0
6598,891,1
6599,880,1
6600,1184,3
6601,512,4
6602,585,1
6603,1393,0
6604,1648,2
6605,420,1
6606,1428,0
6607,545,7
6608,1528,1
6609,128,6
6610,1447,1
6611,350,7
6612,1352,2
6613,571,0
6614,1621,0
6615,1188,1
6616,28,0
6617,1376,0
6618,108,0
6619,123,1
6620,753,2
6621,1520,3
6622,1215,0
6623,1124,1
6624,132,9
6625,1375,11
6626,1014,1
6627,1297,10
6628,815,3
6629,776,5
6630,964,1
6631,1100,1
6632,817,1
6633,1376,1
6634,976,0
6635,1376,2
6636,905,0
6637,905,1
6638,360,1
6639,1486,1
6640,396,1
6641,1297,0
6642,217,0
6643,232,1
6644,1323,0
6645,1376,1
6646,1006,3
6647,1050,0
6648,932,1
6649,1648,1
6650,701,1
6651,1279,0
6652,248,0
6653,991,4
6654,880,1
6655,761,1
6656,776,3
6657,1339,1
6658,594,0
6659,1642,1
6660,30,7
6661,283,0
6662,1113,7
6663,1352,0
6664,1625,0
6665,419,0
6666,1437,0
6667,871,1
6668,1272,1
6669,132,1
6670,770,1
6671,200,0
6672,441,1
6673,1163,2
6674,1512,1
6675,552,0
6676,814,1
6677,1057,1
6678,232,0
6679,49,0
6680,1214,1
6681,754,1
6682,770,1
6683,1402,5
6684,1402,3
6685,312,1
6686,1721,1
6687,1204,1
6688,1518,1
6689,567,0
6690,995,2
6691,807,1
6692,1134,0
6693,1243,2
6694,371,1
6695,604,4
6696,1492,1
6697,878,1
6698,1473,6
6699,767,0
6700,1326,3
6701,1446,0
6702,874,0
6703,301,2
6704,208,5
6705,1118,1
6706,1300,1
6707,197,3
6708,1375,1
6709,976,0
6710,553,1
6711,614,4
6712,1727,4
6713,435,2
6714,1376,0
6715,813,1
6716,1297,2
6717,948,1
6718,23,1
6719,720,0
6720,1509,2
6721,111,2
6722,1355,5
6723,1235,3
6724,356,1
6725,770,0
6726,880,3
6727,17,1
6728,1483,2
6729,1416,1
6730,976,0
6731,993,1
6732,1163,0
6733,615,0
6734,1453,1
6735,644,2
6736,687,2
6737,1375,11
6738,1695,5
6739,1377,0
6740,273,0
6741,646,0
6742,554,1
6743,1376,1
6744,1521,1
6745,1320,5
6746,923,1
6747,657,0
6748,989,1
6749,319,5
6750,608,1
6751,1511,1
6752,1271,0
6753,1375,1
6754,1303,0
6755,1429,3
6756,1179,0
6757,1278,5
6758,869,0
6759,1326,0
6760,372,1
6761,776,0
6762,1115,2
6763,1355,1
6764,1083,0
6765,1245,1
6766,1300,4
6767,608,1
6768,1338,0
6769,434,1
6770,776,2
6771,499,1
6772,1375,1
6773,655,4
6774,456,2
6775,1375,6
6776,23,4
6777,277,0
6778,561,6
6779,80,0
6780,1376,5
6781,1297,0
6782,999,3
6783,770,0
6784,1162,0
6785,576,0
6786,1312,0
6787,1514,0
6788,1375,0
6789,996,1
6790,846,0
6791,1609,0
6792,1297,2
6793,1645,2
6794,975,1
6795,417,2
6796,132,1
6797,336,2
6798,959,6
6799,1343,23
6800,1404,0
6801,878,1
6802,132,1
6803,1377,0
6804,1507,1
6805,672,2
6806,1371,0
6807,934,1
6808,933,0
6809,573,4
6810,593,1
6811,1348,3
6812,1297,0
6813,1179,1
6814,1585,2
6815,960,0
6816,1372,0
6817,889,7
6818,900,0
6819,1285,1
6820,779,0
6821,617,0
6822,1078,14
6823,614,1
6824,1284,2
6825,409,7
6826,1404,0
6827,177,4
6828,644,1
6829,1057,4
6830,1126,2
6831,577,6
6832,171,10
6833,1124,0
6834,593,0
6835,1298,1
6836,528,2
6837,942,2
6838,1317,0
6839,1273,1
6840,124,1
6841,1383,3
6842,448,0
6843,771,3
6844,1354,0
6845,1374,1
6846,866,4
6847,130,0
6848,273,20
6849,655,1
6850,1518,2
6851,1509,0
6852,335,0
6853,51,0
6854,1355,11
6855,1678,0
6856,1458,2
6857,1283,3
6858,1514,0
6859,679,1
6860,1051,1
6861,1589,1
6862,1200,1
6863,1078,13
6864,1339,1
6865,403,1
6866,777,1
6867,1375,1
6868,1460,0
6869,776,0
6870,1173,1
6871,886,0
6872,942,0
6873,59,0
6874,926,0
6875,1144,2
6876,1502,0
6877,567,0
6878,275,1
6879,1278,2
6880,976,1
6881,388,3
6882,1324,0
6883,1343,1
6884,1278,2
6885,154,1
6886,1712,2
6887,345,2
6888,1057,1
6889,778,0
6890,885,3
6891,450,0
6892,132,3
6893,304,2
6894,214,8
6895,21,2
6896,982,1
6897,1362,0
6898,122,2
6899,168,1
6900,999,0
6901,368,2
6902,1670,0
6903,697,2
6904,1375,7
6905,4,1
6906,1375,0
6907,905,4
6908,1740,0
6909,897,0
6910,191,1
6911,1172,3
6912,1323,0
6913,973,1
6914,447,0
6915,1510,1
6916,1321,1
6917,1278,0
6918,424,0
6919,385,0
6920,169,8
6921,169,8
6922,169,8
6923,215,4
6924,215,3
6925,234,2
6926,169,7
6927,169,8
6928,214,4
6929,215,4
6930,169,5
6931,170,0
6932,476,1
6933,1361,1
6934,1164,2
6935,1322,0
6936,271,0
6937,1708,1
6938,653,2
6939,353,1
6940,743,0
6941,1130,1
6942,374,2
6943,221,0
6944,1648,5
6945,937,2
6946,1571,2
6947,569,0
6948,878,0
6949,1562,5
6950,1236,1
6951,463,1
6952,1106,2
6953,1001,2
6954,546,0
6955,1375,1
6956,1382,0
6957,1271,1
6958,1490,0
6959,118,1
6960,1075,0
6961,522,6
6962,528,1
6963,1173,1
6964,131,0
6965,864,5
6966,1297,2
6967,1297,6
6968,232,1
6969,1600,0
6970,1375,12
6971,1092,0
6972,0,1
6973,1319,2
6974,1296,8
6975,1278,1
6976,1337,0
6977,565,0
6978,1375,1
6979,1036,13
6980,1179,1
6981,1297,9
6982,169,8
6983,779,1
6984,1280,1
6985,1077,0
6986,1082,0
6987,1743,0
6988,1375,11
6989,1375,1
6990,1516,1
6991,1238,3
6992,1509,1
6993,472,1
6994,886,2
6995,916,8
6996,195,1
6997,1194,0
6998,1105,0
6999,356,2
7000,1734,1
7001,770,1
7002,446,3
7003,92,1
7004,1207,1
7005,1494,3
7006,754,2
7007,1185,0
7008,1650,0
7009,1355,1
7010,1375,12
7011,183,3
7012,314,2
7013,907,3
7014,1332,3
7015,1516,0
7016,1352,0
7017,1375,2
7018,1332,1
7019,1000,0
7020,1320,0
7021,221,2
7022,570,2
7023,1375,1
7024,475,1
7025,1473,1
7026,878,1
7027,878,0
7028,1206,1
7029,1078,0
7030,132,1
7031,929,4
7032,770,0
7033,776,0
7034,1719,2
7035,1320,0
7036,1041,0
7037,995,0
7038,1520,2
7039,585,3
7040,1278,0
7041,736,0
7042,1150,0
7043,881,1
7044,614,0
7045,1520,0
7046,1297,0
7047,1314,0
7048,1163,16
7049,1129,0
7050,590,0
7051,896,0
7052,528,0
7053,1295,1
7054,1057,0
7055,597,2
7056,1510,0
7057,760,1
7058,1375,1
7059,735,0
7060,880,2
7061,1521,3
7062,1509,1
7063,1375,1
7064,1515,9
7065,562,0
7066,1129,0
7067,493,0
7068,771,0
7069,1278,0
7070,1030,4
7071,1227,1
7072,1234,0
7073,1078,3
7074,1471,1
7075,228,0
7076,1279,1
7077,132,5
7078,48,4
7079,1078,67
7080,1057,2
7081,1352,2
7082,1693,0
7083,130,2
7084,1355,0
7085,98,0
7086,1211,0
7087,1404,0
7088,561,1
7089,771,1
7090,1519,1
7091,144,2
7092,1486,3
7093,1462,2
7094,703,1
7095,1355,2
7096,1663,1
7097,1033,0
7098,1300,2
7099,1492,0
7100,1079,0
7101,423,2
7102,1375,1
7103,1300,1
7104,576,0
7105,1392,0
7106,872,3
7107,1659,1
7108,1514,0
7109,962,2
7110,1510,1
7111,435,1
7112,220,0
7113,1204,4
7114,116,1
7115,1236,0
7116,125,0
7117,219,0
7118,608,2
7119,874,2
7120,816,8
7121,1375,0
7122,219,0
7123,1516,1
7124,1518,1
7125,1376,1
7126,962,1
7127,560,2
7128,1509,4
7129,768,0
7130,592,1
7131,968,1
7132,315,0
7133,928,1
7134,629,2
7135,1440,1
7136,1238,2
7137,768,7
7138,776,1
7139,771,1
7140,859,5
7141,1512,0
7142,273,1
7143,768,2
7144,933,2
7145,1163,1
7146,1163,1
7147,1342,7
7148,816,2
7149,1154,2
7150,957,0
7151,1650,0
7152,1322,1
7153,947,0
7154,753,2
7155,1355,4
7156,341,0
7157,1057,3
7158,754,0
7159,374,3
7160,754,1
7161,652,3
7162,1518,0
7163,0,2
7164,816,2
7165,421,0
7166,962,1
7167,1444,0
7168,754,0
7169,469,1
7170,1164,1
7171,1083,0
7172,250,0
7173,1296,1
7174,933,1
7175,686,1
7176,754,1
7177,1174,0
7178,1510,1
7179,776,8
7180,1162,1
7181,1392,0
7182,636,0
7183,814,0
7184,1091,0
7185,770,0
7186,1096,0
7187,1453,1
7188,593,2
7189,1375,0
7190,999,1
7191,1244,0
7192,1585,1
7193,536,1
7194,1511,4
7195,992,1
7196,1034,0
7197,1279,0
7198,1005,0
7199,616,0
7200,1037,1
7201,1055,1
7202,1516,0
7203,1620,2
7204,1376,2
7205,1297,1
7206,751,1
7207,592,5
7208,1509,1
7209,1375,0
7210,605,3
7211,1376,1
7212,1355,7
7213,1115,2
7214,1374,0
7215,1210,1
7216,374,5
7217,1030,1
7218,183,2
7219,281,0
7220,1254,4
7221,1376,0
7222,1068,7
7223,1320,0
7224,890,2
7225,132,3
7226,542,2
7227,1691,0
7228,435,0
7229,994,2
7230,1372,1
7231,1078,0
7232,1108,6
7233,1352,1
7234,1574,1
7235,28,0
7236,7,2
7237,1206,1
7238,1459,0
7239,1202,1
7240,43,0
7241,1000,5
7242,869,1
7243,1326,1
7244,1574,2
7245,1215,0
7246,770,2
7247,164,2
7248,1078,1
7249,1008,2
7250,142,1
7251,754,0
7252,134,0
7253,1539,5
7254,1571,20
7255,1376,1
7256,1320,2
7257,1410,1
7258,1574,1
7259,1459,1
7260,461,1
7261,771,0
7262,1376,0
7263,1355,0
7264,1688,1
7265,239,1
7266,905,3
7267,116,1
7268,1375,2
7269,1478,3
7270,132,1
7271,1738,0
7272,1393,1
7273,955,2
7274,683,2
7275,1035,0
7276,1302,1
7277,1118,0
7278,664,0
7279,816,0
7280,778,2
7281,1376,1
7282,1405,0
7283,1117,1
7284,1713,0
7285,1102,1
7286,1297,4
7287,1348,0
7288,0,2
7289,915,0
7290,1541,0
7291,870,0
7292,1471,1
7293,324,1
7294,1571,1
7295,978,2
7296,932,0
7297,139,0
7298,975,1
7299,356,2
7300,1299,0
7301,1375,0
7302,976,1
7303,976,7
7304,1301,0
7305,106,0
7306,754,0
7307,615,0
7308,770,0
7309,1376,4
7310,947,1
7311,878,0
7312,1376,1
7313,839,1
7314,1244,0
7315,183,0
7316,770,3
7317,28,0
7318,1320,3
7319,324,2
7320,835,1
7321,54,1
7322,1318,2
7323,1509,4
7324,1024,1
7325,150,0
7326,1376,0
7327,208,1
7328,772,0
7329,143,1
7330,1637,1
7331,1352,1
7332,1008,1
7333,356,2
7334,132,2
7335,1375,13
7336,968,1
7337,1160,1
7338,357,3
7339,1088,0
7340,983,0
7341,234,2
7342,38,0
7343,146,3
7344,1506,7
7345,1179,0
7346,1354,0
7347,277,1
7348,159,1
7349,795,0
7350,869,0
7351,1343,2
7352,1205,1
7353,701,0
7354,771,1
7355,477,0
7356,1487,0
7357,1516,0
7358,1516,0
7359,28,0
7360,1034,1
7361,746,2
7362,1256,0
7363,1376,6
7364,770,0
7365,1244,0
7366,1075,1
7367,873,6
7368,1279,0
7369,1319,1
7370,1307,1
7371,1302,2
7372,835,0
7373,1000,0
7374,1450,0
7375,611,1
7376,1083,1
7377,435,0
7378,200,1
7379,364,1
7380,1589,1
7381,879,0
7382,624,1
7383,593,0
7384,1375,0
7385,880,2
7386,950,0
7387,776,0
7388,1518,0
7389,701,4
7390,905,5
7391,1326,0
7392,476,0
7393,995,0
7394,1272,1
7395,1518,1
7396,1000,4
7397,1471,0
7398,1376,0
7399,1375,1
7400,1375,1
7401,1375,0
7402,1271,0
7403,313,0
7404,476,1
7405,1129,0
7406,862,0
7407,1319,0
7408,777,0
7409,1353,8
7410,1375,1
7411,1375,6
7412,656,0
7413,312,1
7414,1297,4
7415,531,1
7416,862,1
7417,362,4
7418,886,0
7419,96,1
7420,1034,1
7421,932,0
7422,1359,2
7423,3,0
7424,947,1
7425,1215,0
7426,446,1
7427,1140,1
7428,1510,3
7429,108,0
7430,353,1
7431,905,4
7432,1343,1
7433,748,1
7434,1312,1
7435,1467,1
7436,141,3
7437,1558,0
7438,1482,0
7439,992,1
7440,493,1
7441,491,0
7442,1375,0
7443,995,7
7444,933,1
7445,32,3
7446,767,1
7447,886,0
7448,975,1
7449,1570,1
7450,818,2
7451,571,6
7452,1365,5
7453,1244,0
7454,748,0
7455,196,1
7456,1570,0
7457,1509,0
7458,995,2
7459,1244,1
7460,1375,0
7461,967,1
7462,1244,0
7463,1211,1
7464,514,1
7465,1515,1
7466,694,1
7467,117,0
7468,1375,1
7469,1379,2
7470,445,1
7471,1543,2
7472,1238,0
7473,578,2
7474,1129,1
7475,842,5
7476,369,7
7477,1648,1
7478,1607,0
7479,1516,1
7480,1353,4
7481,1376,2
7482,814,3
7483,1645,0
7484,1376,1
7485,673,0
7486,1509,1
7487,128,2
7488,1171,1
7489,1371,1
7490,1544,0
7491,609,1
7492,1571,1
7493,1343,8
7494,1343,0
7495,1343,1
7496,1343,0
7497,1313,2
7498,1108,7
7499,130,0
7500,1041,0
7501,1570,0
7502,1645,0
7503,960,0
7504,420,1
7505,1737,6
7506,116,2
7507,356,1
7508,200,1
7509,1571,1
7510,702,4
7511,231,0
7512,1027,2
7513,1510,1
7514,1376,1
7515,765,0
7516,1407,4
7517,1215,2
7518,1198,0
7519,873,1
7520,1116,8
7521,264,1
7522,958,0
7523,873,2
7524,1246,2
7525,1376,1
7526,1343,0
7527,975,0
7528,1324,0
7529,1213,1
7530,836,0
7531,407,0
7532,1342,2
7533,50,0
7534,1377,4
7535,1462,1
7536,1212,0
7537,960,0
7538,593,7
7539,416,0
7540,663,0
7541,1625,0
7542,1238,0
7543,1161,3
7544,404,1
7545,1355,2
7546,1238,1
7547,1062,0
7548,1108,2
7549,1509,1
7550,1474,1
7551,1509,0
7552,578,2
7553,1509,0
7554,1295,1
7555,607,0
7556,1298,0
7557,1375,1
7558,1365,0
7559,1571,3
7560,1509,0
7561,1739,0
7562,1297,0
7563,475,1
7564,1511,1
7565,1376,1
7566,689,1
7567,1154,1
7568,951,0
7569,744,1
7570,1604,3
7571,777,0
7572,1376,0
7573,879,1
7574,1124,1
7575,576,1
7576,1375,4
7577,221,0
7578,1324,1
7579,771,1
7580,439,0
7581,1618,1
7582,1297,1
7583,1432,0
7584,1515,2
7585,1296,1
7586,593,0
7587,1160,0
7588,645,2
7589,701,1
7590,1320,0
7591,1278,0
7592,1539,4
7593,1110,1
7594,1571,0
7595,886,0
7596,1375,1
7597,1376,1
7598,772,2
7599,1737,3
7600,1475,0
7601,1209,0
7602,1238,0
7603,1546,1
7604,347,0
7605,324,1
7606,1300,1
7607,512,0
7608,878,0
7609,1238,0
7610,1035,0
7611,932,0
7612,253,1
7613,1239,3
7614,752,1
7615,1571,1
7616,1570,0
7617,1298,1
7618,1571,0
7619,195,3
7620,1135,0
7621,1297,0
7622,777,0
7623,896,4
7624,1342,1
7625,1556,0
7626,1669,2
7627,793,1
7628,539,2
7629,1375,0
7630,341,0
7631,898,2
7632,904,5
7633,621,1
7634,1571,1
7635,1355,10
7636,388,0
7637,906,1
7638,1570,1
7639,598,0
7640,1283,3
7641,1384,1
7642,760,1
7643,1685,1
7644,1516,0
7645,1376,1
7646,1494,3
7647,622,3
7648,776,2
7649,760,5
7650,869,1
7651,162,2
7652,933,0
7653,609,0
7654,268,2
7655,1327,0
7656,581,3
7657,614,2
7658,1057,3
7659,671,1
7660,807,0
7661,1283,1
7662,28,2
7663,1571,0
7664,1126,1
7665,1299,1
7666,1176,0
7667,1176,0
7668,1124,0
7669,1078,1
7670,598,0
7671,204,1
7672,664,1
7673,391,0
7674,341,2
7675,1080,2
7676,999,0
7677,1043,1
7678,1283,0
7679,702,2
7680,475,1
7681,701,0
7682,1353,0
7683,1343,0
7684,497,0
7685,1481,1
7686,20,0
7687,1496,0
7688,1098,0
7689,1176,1
7690,140,2
7691,361,0
7692,995,1
7693,684,0
7694,1279,0
7695,1599,4
7696,1355,3
7697,1432,0
7698,650,1
7699,204,0
7700,1299,1
7701,474,0
7702,1516,19
7703,163,2
7704,154,1
7705,942,0
7706,32,3
7707,1296,0
7708,1114,2
7709,976,0
7710,936,0
7711,609,2
7712,1543,0
7713,160,1
7714,1375,0
7715,577,1
7716,932,0
7717,992,0
7718,1303,0
7719,1376,1
7720,493,2
7721,1301,2
7722,1171,1
7723,118,0
7724,1432,0
7725,1432,0
7726,1429,1
7727,1597,1
7728,962,0
7729,935,0
7730,237,0
7731,356,2
7732,150,1
7733,1353,0
7734,1509,0
7735,1638,1
7736,903,0
7737,1541,1
7738,777,0
7739,968,1
7740,1509,0
7741,442,0
7742,1295,0
7743,1467,7
7744,771,2
7745,1378,0
7746,1279,1
7747,1300,0
7748,1124,0
7749,1376,1
7750,1081,3
7751,1089,0
7752,1024,1
7753,1494,1
7754,888,0
7755,929,1
7756,914,1
7757,933,0
7758,576,4
7759,1150,1
7760,236,1
7761,1376,0
7762,1432,0
7763,592,0
7764,592,0
7765,1320,0
7766,1297,0
7767,1516,2
7768,1320,0
7769,878,0
7770,1030,2
7771,878,0
7772,1494,1
7773,91,0
7774,1376,0
7775,239,0
7776,218,0
7777,771,0
7778,1236,1
7779,1299,0
7780,702,0
7781,358,0
7782,930,1
7783,1050,1
7784,1377,0
7785,132,0
7786,132,0
7787,609,0
7788,754,0
7789,608,2
7790,1689,1
7791,1297,0
7792,1644,0
7793,33,0
7794,1430,0
7795,200,0
7796,1300,0
7797,1288,1
7798,596,0
7799,1376,0
7800,1178,1
7801,131,0
7802,536,0
7803,1084,1
7804,905,0
7805,976,0
7806,1530,2
7807,1375,0
7808,1375,0
7809,1030,1
7810,995,2
7811,1238,0
7812,1355,4
7813,886,0
7814,400,0
7815,1376,0
7816,1376,0
7817,754,0
7818,183,0
7819,355,0
7820,1376,0
7821,1510,0
7822,841,0
7823,711,0
7824,561,0
7825,824,0
7826,28,0
