poi_idx,cat_idx,region_idx,hotness_idx
0,236,60,0
1,48,35,1
2,21,60,0
3,37,34,1
4,107,34,1
5,47,35,0
6,233,34,1
7,131,34,0
8,39,44,1
9,37,34,1
10,37,34,0
11,37,60,2
12,48,60,0
13,231,35,1
14,47,35,1
15,37,60,1
16,239,34,1
17,61,35,0
18,195,60,0
19,233,35,1
20,207,34,0
21,47,34,0
22,197,35,0
23,41,34,0
24,47,34,1
25,239,34,0
26,37,34,1
27,131,34,0
28,98,34,1
29,221,34,1
30,311,35,1
31,37,34,0
32,37,61,3
33,247,35,1
34,50,34,0
35,41,34,0
36,312,34,1
37,37,60,0
38,215,34,3
39,41,34,0
40,20,60,0
41,42,35,1
42,37,34,0
43,133,35,0
44,231,34,0
45,202,34,0
46,195,35,0
47,130,35,0
48,233,34,12
49,37,34,1
50,37,60,0
51,93,34,0
52,37,60,1
53,95,34,1
54,262,34,2
55,41,34,0
56,190,60,0
57,47,60,0
58,55,34,1
59,51,60,0
60,93,35,0
61,130,35,0
62,205,35,0
63,41,35,0
64,195,34,0
65,102,60,0
66,48,35,0
67,106,34,1
68,37,34,0
69,37,34,0
70,48,34,0
71,223,35,0
72,97,34,1
73,192,35,1
74,195,34,0
75,97,34,2
76,21,34,4
77,37,34,0
78,260,60,1
79,110,34,0
80,37,34,1
81,203,34,0
82,203,34,0
83,55,34,0
84,47,34,0
85,110,34,4
86,21,34,1
87,211,34,0
88,312,34,1
89,58,34,1
90,37,35,2
91,209,34,1
92,203,34,0
93,131,34,0
94,47,34,0
95,95,34,0
96,195,34,0
97,102,36,0
98,37,34,0
99,221,34,0
100,233,35,0
101,198,35,1
102,207,34,0
103,37,34,1
104,198,35,6
105,203,34,0
106,41,34,0
107,138,35,1
108,21,34,4
109,50,35,0
110,55,60,0
111,47,35,0
112,37,34,1
113,207,35,1
114,133,35,0
115,207,34,0
116,23,34,0
117,142,35,0
118,221,34,2
119,195,34,0
120,102,45,0
121,47,35,1
122,97,34,0
123,239,34,1
124,37,34,1
125,128,34,1
126,41,35,0
127,95,35,1
128,47,34,0
129,37,35,0
130,47,35,0
131,37,34,0
132,131,35,2
133,109,34,0
134,130,60,0
135,159,43,0
136,141,34,0
137,205,34,0
138,27,35,0
139,215,34,1
140,101,35,0
141,239,34,0
142,102,35,0
143,133,34,1
144,37,34,1
145,102,34,0
146,99,34,0
147,233,35,0
148,48,35,1
149,37,60,1
150,37,34,0
151,110,34,0
152,195,35,0
153,37,35,0
154,95,34,0
155,51,34,0
156,311,35,0
157,48,34,1
158,37,34,0
159,17,34,1
160,224,60,0
161,197,60,1
162,260,60,1
163,27,60,0
164,97,35,0
165,260,35,0
166,37,34,1
167,37,60,0
168,207,34,0
169,37,34,2
170,102,34,1
171,203,34,1
172,37,34,1
173,93,34,1
174,102,34,2
175,37,34,1
176,252,34,0
177,41,60,0
178,221,35,0
179,121,35,15
180,37,60,0
181,121,60,1
182,121,60,0
183,224,60,3
184,239,34,1
185,47,35,0
186,108,60,1
187,239,34,0
188,102,34,0
189,239,34,0
190,157,45,18
191,37,34,0
192,121,34,21
193,41,34,0
194,37,34,1
195,48,45,0
196,37,60,0
197,37,34,0
198,215,60,1
199,97,60,0
200,203,34,0
201,102,34,0
202,215,60,1
203,40,35,1
204,37,34,1
205,215,60,1
206,37,35,0
207,215,60,2
208,37,34,1
209,93,34,0
210,233,34,0
211,37,34,0
212,130,35,0
213,37,43,0
214,130,60,0
215,50,34,0
216,37,34,0
217,52,34,0
218,37,33,0
219,223,33,0
220,128,34,1
221,48,35,0
222,39,34,0
223,121,34,4
224,39,34,1
225,121,34,1
226,178,34,1
227,58,34,1
228,37,43,1
229,55,60,1
230,52,61,5
231,93,34,0
232,121,34,10
233,147,35,9
234,121,34,24
235,37,34,1
236,37,35,0
237,195,34,0
238,33,34,1
239,233,34,0
240,37,35,0
241,92,60,1
242,35,35,1
243,37,60,0
244,215,34,2
245,137,34,2
246,97,44,0
247,55,35,0
248,229,34,1
249,130,34,5
250,239,34,1
251,39,35,1
252,59,60,0
253,93,60,0
254,121,60,10
255,48,34,0
256,47,35,0
257,55,35,1
258,37,60,0
259,215,34,1
260,142,33,0
261,37,35,0
262,27,60,0
263,37,34,0
264,37,33,2
265,37,60,3
266,37,35,1
267,47,34,1
268,37,34,1
269,52,60,1
270,233,35,0
271,255,35,10
272,215,43,1
273,25,34,0
274,37,60,2
275,121,33,2
276,37,43,0
277,55,34,0
278,29,34,0
279,121,35,10
280,260,60,0
281,37,35,0
282,47,34,0
283,37,60,0
284,261,60,7
285,47,34,2
286,37,34,1
287,247,35,3
288,289,60,6
289,37,34,8
290,102,34,0
291,148,35,1
292,47,44,2
293,131,34,0
294,37,46,0
295,195,60,1
296,104,34,0
297,216,34,0
298,221,36,0
299,130,35,0
300,37,34,0
301,37,35,0
302,50,60,0
303,48,34,0
304,215,34,0
305,52,34,0
306,55,60,0
307,215,34,2
308,215,35,1
309,159,35,2
310,215,34,3
311,183,36,0
312,146,34,0
313,58,34,0
314,37,34,0
315,121,33,1
316,259,35,1
317,215,61,0
318,128,34,1
319,259,33,1
320,158,34,0
321,207,60,0
322,55,35,0
323,110,35,0
324,102,35,0
325,37,36,4
326,37,36,0
327,37,34,1
328,217,35,0
329,37,34,0
330,37,34,0
331,27,60,0
332,59,35,0
333,55,34,0
334,47,60,1
335,113,33,2
336,48,34,1
337,215,35,4
338,37,34,1
339,159,35,4
340,221,34,0
341,41,34,1
342,159,33,2
343,221,34,0
344,43,34,0
345,223,35,0
346,61,35,1
347,215,60,1
348,61,60,10
349,70,35,27
350,183,34,0
351,269,61,5
352,249,35,1
353,239,34,0
354,121,33,10
355,102,35,3
356,260,35,6
357,70,35,28
358,160,35,2
359,128,43,2
360,37,34,1
361,137,35,2
362,239,34,1
363,61,35,1
364,37,33,0
365,107,33,1
366,121,60,1
367,38,35,0
368,228,14,1
369,145,60,1
370,27,35,0
371,195,60,1
372,131,43,0
373,211,60,0
374,80,35,0
375,121,34,1
376,50,34,0
377,105,34,1
378,61,60,0
379,52,60,0
380,121,44,1
381,121,34,1
382,311,35,0
383,48,34,0
384,78,33,0
385,48,34,0
386,207,35,0
387,141,44,0
388,132,34,1
389,37,34,0
390,233,35,1
391,80,34,10
392,37,34,0
393,80,35,1
394,102,60,0
395,223,60,0
396,260,35,1
397,239,34,0
398,52,35,8
399,108,60,1
400,195,35,1
401,146,33,0
402,260,35,8
403,53,34,0
404,48,34,1
405,242,3,24
406,147,34,9
407,42,34,5
408,210,34,0
409,224,60,3
410,217,34,0
411,266,35,4
412,27,34,0
413,215,35,2
414,166,34,2
415,97,35,0
416,147,34,2
417,208,34,0
418,141,34,1
419,195,34,1
420,198,34,2
421,195,34,0
422,70,33,5
423,52,68,0
424,35,34,3
425,145,35,0
426,37,34,0
427,47,35,0
428,47,35,0
429,35,35,0
430,42,34,4
431,47,35,0
432,195,60,1
433,183,33,2
434,225,35,2
435,242,67,11
436,55,34,1
437,42,59,0
438,58,35,10
439,61,35,0
440,37,33,1
441,275,34,1
442,143,19,1
443,85,35,0
444,195,34,0
445,193,34,0
446,102,60,0
447,197,34,0
448,138,34,1
449,203,34,0
450,102,60,0
451,319,59,1
452,58,60,0
453,208,34,1
454,223,43,0
455,260,34,0
456,106,35,0
457,106,35,1
458,253,34,2
459,223,34,0
460,35,33,0
461,173,60,0
462,37,34,0
463,223,34,2
464,215,34,1
465,215,35,2
466,99,34,0
467,92,60,0
468,130,34,0
469,87,60,0
470,128,60,1
471,41,60,0
472,47,44,0
473,223,35,1
474,63,60,8
475,48,60,0
476,173,40,0
477,146,35,4
478,266,17,5
479,78,35,2
480,42,35,4
481,255,35,6
482,4,34,0
483,4,34,1
484,48,34,2
485,147,34,5
486,198,34,0
487,37,34,0
488,7,34,2
489,138,34,7
490,37,34,1
491,37,60,3
492,55,35,0
493,177,34,1
494,134,35,0
495,255,35,1
496,255,35,1
497,27,36,0
498,37,34,1
499,110,33,0
500,47,33,0
501,107,35,0
502,137,35,0
503,253,34,0
504,50,34,0
505,239,34,0
506,59,34,0
507,92,34,4
508,148,34,0
509,223,17,0
510,102,60,0
511,147,35,4
512,37,34,0
513,223,34,1
514,223,34,1
515,59,34,1
516,195,34,0
517,37,60,0
518,37,60,0
519,266,10,1
520,203,60,0
521,91,88,0
522,47,60,1
523,102,40,1
524,221,34,0
525,223,34,1
526,42,34,3
527,42,34,2
528,30,35,0
529,102,44,0
530,102,35,2
531,138,28,1
532,203,44,0
533,102,35,0
534,223,60,0
535,146,34,1
536,21,35,0
537,121,60,0
538,145,34,1
539,95,34,0
540,138,35,0
541,120,44,0
542,221,34,2
543,233,60,0
544,37,34,1
545,138,35,0
546,102,33,1
547,53,34,1
548,37,34,0
549,61,35,1
550,37,35,0
551,50,43,1
552,48,35,0
553,96,33,1
554,137,35,1
555,59,60,0
556,231,34,0
557,27,34,0
558,48,35,0
559,94,35,0
560,57,34,1
561,207,34,0
562,99,34,0
563,233,34,0
564,311,35,2
565,138,60,0
566,48,34,1
567,209,34,0
568,97,35,0
569,39,34,1
570,159,34,1
571,233,34,1
572,102,34,0
573,102,35,0
574,99,33,1
575,102,34,7
576,203,43,1
577,233,34,1
578,37,60,0
579,223,34,0
580,203,34,2
581,39,33,1
582,260,35,5
583,147,44,2
584,95,34,0
585,256,33,1
586,267,35,26
587,150,53,1
588,233,60,0
589,257,59,2
590,102,60,0
591,247,33,0
592,128,35,0
593,183,35,1
594,223,60,1
595,55,34,1
596,55,34,2
597,52,35,1
598,85,35,2
599,50,60,1
600,210,35,0
601,50,34,0
602,37,34,0
603,86,35,0
604,239,34,1
605,102,34,0
606,246,60,0
607,239,33,1
608,47,34,1
609,223,34,0
610,183,34,1
611,48,35,0
612,80,34,0
613,198,34,0
614,50,34,0
615,130,35,1
616,223,60,1
617,108,60,0
618,37,34,1
619,223,34,0
620,87,33,0
621,61,34,7
622,24,34,0
623,122,35,5
624,122,35,22
625,42,34,0
626,59,60,0
627,260,35,0
628,102,33,0
629,246,60,4
630,61,35,1
631,221,35,0
632,137,34,3
633,66,60,2
634,138,34,0
635,253,33,0
636,111,34,0
637,42,60,1
638,208,60,0
639,137,34,4
640,239,34,0
641,191,34,1
642,195,34,0
643,33,34,1
644,55,35,0
645,61,35,0
646,240,3,7
647,42,33,2
648,52,60,0
649,37,35,0
650,61,46,5
651,261,34,5
652,58,60,3
653,130,35,0
654,221,34,0
655,102,34,0
656,141,34,0
657,36,34,0
658,223,60,0
659,122,35,9
660,37,60,0
661,37,34,1
662,97,32,1
663,27,44,0
664,138,34,1
665,202,33,0
666,37,33,0
667,130,35,2
668,137,60,2
669,137,34,6
670,223,44,1
671,37,34,2
672,260,35,0
673,255,35,4
674,198,34,0
675,37,34,0
676,50,34,0
677,47,34,1
678,37,35,1
679,223,60,1
680,76,60,2
681,31,34,0
682,48,33,1
683,102,35,0
684,202,34,2
685,92,60,0
686,223,35,1
687,102,55,0
688,131,33,1
689,203,31,0
690,37,35,3
691,50,34,0
692,61,60,4
693,260,35,1
694,31,34,1
695,131,34,0
696,223,60,1
697,223,34,1
698,223,34,0
699,260,60,4
700,37,51,1
701,157,27,10
702,227,35,0
703,221,34,1
704,19,35,2
705,7,34,1
706,223,34,0
707,221,34,1
708,130,35,0
709,121,36,1
710,292,34,0
711,202,35,0
712,50,43,0
713,147,34,0
714,121,34,0
715,137,33,0
716,102,34,0
717,209,34,0
718,223,34,2
719,146,78,2
720,37,34,0
721,183,36,1
722,31,34,0
723,223,34,1
724,203,34,0
725,70,45,13
726,223,35,1
727,95,35,0
728,223,43,0
729,113,20,0
730,147,35,8
731,9,60,0
732,128,26,0
733,248,34,1
734,122,34,7
735,223,34,7
736,21,34,0
737,83,33,0
738,223,34,1
739,228,31,16
740,131,35,1
741,138,35,3
742,266,60,6
743,128,35,0
744,35,34,0
745,223,34,2
746,59,35,0
747,33,34,0
748,205,35,0
749,183,60,4
750,146,60,2
751,183,32,1
752,97,17,1
753,37,35,0
754,37,43,0
755,97,43,0
756,261,33,0
757,260,60,0
758,37,34,0
759,310,31,0
760,174,33,2
761,21,60,0
762,221,35,1
763,222,34,8
764,290,3,0
765,210,34,0
766,223,33,2
767,96,35,1
768,223,34,0
769,223,60,0
770,98,35,4
771,121,44,1
772,15,34,0
773,61,35,4
774,131,34,1
775,218,35,1
776,183,35,0
777,96,34,0
778,223,35,0
779,35,35,0
780,260,35,0
781,202,35,0
782,221,35,0
783,163,35,2
784,61,35,3
785,138,60,0
786,138,34,0
787,138,34,3
788,141,44,1
789,41,35,1
790,223,60,0
791,44,34,0
792,96,12,0
793,26,12,0
794,53,34,0
795,37,35,0
796,102,35,0
797,148,35,1
798,96,35,3
799,37,60,1
800,145,60,1
801,150,68,3
802,255,34,0
803,70,68,9
804,41,44,0
805,131,60,1
806,42,36,0
807,37,35,0
808,260,60,0
809,137,34,0
810,54,60,2
811,97,35,1
812,120,34,1
813,137,35,1
814,121,46,1
815,95,61,0
816,138,60,1
817,130,42,0
818,138,35,4
819,255,60,1
820,50,43,0
821,20,34,1
822,47,35,1
823,198,33,0
824,102,34,0
825,130,60,1
826,7,34,2
827,285,34,3
828,7,34,1
829,37,34,7
830,7,35,0
831,97,60,1
832,61,34,0
833,36,60,0
834,137,35,1
835,213,34,0
836,137,60,2
837,40,35,2
838,96,34,2
839,128,35,0
840,121,35,5
841,146,35,1
842,256,34,0
843,47,35,0
844,88,42,1
845,87,34,0
846,266,55,10
847,39,44,1
848,103,43,1
849,137,33,0
850,132,35,0
851,143,35,0
852,195,35,1
853,122,60,0
854,87,35,1
855,61,60,1
856,260,35,18
857,61,60,1
858,131,34,0
859,260,34,1
860,255,46,1
861,147,40,3
862,107,34,0
863,42,59,0
864,37,34,0
865,61,34,0
866,223,33,0
867,97,33,0
868,203,34,0
869,132,34,1
870,27,60,0
871,37,88,0
872,7,35,1
873,195,60,0
874,203,36,0
875,223,27,1
876,223,34,1
877,35,6,1
878,266,34,2
879,240,3,1
880,128,35,2
881,204,35,2
882,203,34,1
883,121,36,4
884,130,34,0
885,231,34,2
886,83,36,1
887,97,34,2
888,61,60,1
889,223,34,0
890,202,34,1
891,137,33,2
892,195,35,0
893,223,34,1
894,32,34,2
895,119,35,2
896,47,35,1
897,257,34,1
898,42,60,1
899,33,35,0
900,208,34,0
901,27,60,0
902,234,60,0
903,84,34,2
904,84,35,0
905,98,34,2
906,121,34,1
907,257,35,2
908,195,35,0
909,137,60,1
910,202,34,1
911,95,35,1
912,147,60,0
913,121,35,2
914,44,34,1
915,222,34,16
916,207,35,0
917,130,35,1
918,222,37,9
919,32,35,1
920,4,60,1
921,289,61,0
922,152,34,1
923,223,35,0
924,96,34,1
925,47,35,1
926,3,34,1
927,138,34,0
928,163,34,10
929,137,35,0
930,42,34,1
931,61,35,3
932,96,34,0
933,270,34,3
934,215,60,1
935,85,33,3
936,163,48,0
937,102,36,1
938,83,35,1
939,255,35,2
940,122,34,1
941,141,33,0
942,233,34,0
943,257,35,0
944,223,35,1
945,223,34,1
946,223,34,2
947,141,35,0
948,266,41,1
949,218,34,1
950,191,34,0
951,141,44,2
952,55,60,1
953,146,34,4
954,121,35,1
955,202,33,0
956,138,44,3
957,204,35,1
958,48,35,0
959,21,34,0
960,31,35,1
961,138,34,4
962,138,35,3
963,221,35,0
964,148,42,0
965,103,36,0
966,257,34,0
967,195,35,1
968,102,35,0
969,163,34,1
970,222,34,14
971,222,35,8
972,222,34,0
973,222,58,10
974,39,60,0
975,192,35,0
976,27,60,1
977,240,3,3
978,138,33,1
979,115,46,0
980,4,34,1
981,121,33,0
982,122,60,0
983,146,36,0
984,289,49,12
985,42,36,2
986,258,61,23
987,131,34,0
988,195,60,2
989,183,34,3
990,138,36,2
991,246,34,0
992,259,35,1
993,134,60,0
994,163,35,0
995,265,42,12
996,37,60,0
997,106,35,0
998,260,35,1
999,9,35,1
1000,210,35,1
1001,70,25,23
1002,198,34,1
1003,55,35,1
1004,122,34,1
1005,223,34,0
1006,61,34,8
1007,209,34,2
1008,165,36,3
1009,1,34,1
1010,138,33,3
1011,132,34,0
1012,223,35,1
1013,257,35,0
1014,61,35,1
1015,77,60,0
1016,31,35,0
1017,104,77,0
1018,7,34,1
1019,261,33,1
1020,207,58,0
1021,97,35,0
1022,223,34,1
1023,42,61,0
1024,195,61,0
1025,302,35,0
1026,7,34,1
1027,137,34,4
1028,234,34,0
1029,265,42,3
1030,29,35,1
1031,138,34,1
1032,198,34,1
1033,103,60,0
1034,163,35,1
1035,198,35,1
1036,257,34,0
1037,37,60,1
1038,223,34,0
1039,147,35,1
1040,96,35,0
1041,42,35,1
1042,121,35,1
1043,31,35,0
1044,223,35,0
1045,42,42,2
1046,137,60,3
1047,131,44,0
1048,37,35,0
1049,240,3,0
1050,138,35,1
1051,10,34,1
1052,265,34,3
1053,253,35,1
1054,147,36,1
1055,249,35,1
1056,265,44,4
1057,146,35,3
1058,97,43,0
1059,253,35,0
1060,47,32,1
1061,37,79,1
1062,141,34,1
1063,70,34,7
1064,98,58,1
1065,121,35,1
1066,138,34,1
1067,183,5,3
1068,70,52,7
1069,76,61,5
1070,247,34,0
1071,131,43,0
1072,96,34,0
1073,285,60,1
1074,121,60,4
1075,223,60,0
1076,42,42,0
1077,137,35,1
1078,122,35,1
1079,141,33,0
1080,290,18,0
1081,61,35,0
1082,69,60,1
1083,248,35,3
1084,61,59,3
1085,80,34,6
1086,138,34,2
1087,7,34,1
1088,197,35,2
1089,141,34,0
1090,134,35,1
1091,137,35,0
1092,138,45,3
1093,223,36,2
1094,99,35,0
1095,141,60,0
1096,61,35,3
1097,190,60,0
1098,37,35,0
1099,47,35,2
1100,255,60,2
1101,70,85,1
1102,41,34,1
1103,223,34,1
1104,138,34,2
1105,234,35,1
1106,119,35,1
1107,124,35,0
1108,107,35,1
1109,138,35,2
1110,40,35,0
1111,121,60,1
1112,71,43,4
1113,138,45,0
1114,138,35,1
1115,137,88,2
1116,61,35,1
1117,54,43,5
1118,137,60,2
1119,42,36,0
1120,96,34,3
1121,61,35,1
1122,210,34,0
1123,183,26,2
1124,137,35,2
1125,137,44,2
1126,255,61,3
1127,63,34,3
1128,137,35,1
1129,61,35,3
1130,61,34,0
1131,181,60,1
1132,265,5,2
1133,223,60,0
1134,223,34,0
1135,138,60,0
1136,61,35,0
1137,37,34,1
1138,283,34,0
1139,137,46,0
1140,81,34,2
1141,138,60,2
1142,223,35,0
1143,53,35,0
1144,71,34,25
1145,195,35,1
1146,198,60,1
1147,223,33,4
1148,195,34,1
1149,9,35,0
1150,42,34,0
1151,223,35,1
1152,96,60,1
1153,163,51,0
1154,223,35,1
1155,61,35,1
1156,61,60,0
1157,42,35,0
1158,131,33,2
1159,223,36,1
1160,223,44,0
1161,195,35,1
1162,61,34,2
1163,259,35,0
1164,42,36,1
1165,128,33,1
1166,183,66,1
1167,48,35,1
1168,4,34,1
1169,195,34,1
1170,266,21,1
1171,198,34,0
1172,248,35,2
1173,136,34,0
1174,42,33,0
1175,260,35,4
1176,223,60,1
1177,257,34,0
1178,80,35,0
1179,9,34,1
1180,61,60,3
1181,146,35,0
1182,21,34,0
1183,70,33,4
1184,257,34,2
1185,39,60,4
1186,146,83,0
1187,96,35,1
1188,26,35,0
1189,223,34,3
1190,61,34,0
1191,26,35,1
1192,223,35,1
1193,61,35,1
1194,35,35,1
1195,223,34,3
1196,42,60,1
1197,270,60,1
1198,195,34,0
1199,138,44,1
1200,223,44,2
1201,133,33,0
1202,141,34,1
1203,135,60,0
1204,42,44,1
1205,223,60,0
1206,37,35,0
1207,282,34,1
1208,96,34,1
1209,198,35,0
1210,223,35,0
1211,61,35,2
1212,7,34,1
1213,70,30,4
1214,223,35,0
1215,26,35,1
1216,138,44,0
1217,87,35,0
1218,223,35,1
1219,221,34,0
1220,26,44,0
1221,223,60,0
1222,163,34,0
1223,47,35,2
1224,223,34,0
1225,27,34,0
1226,61,35,0
1227,223,60,0
1228,223,44,0
1229,80,45,0
1230,58,35,0
1231,58,35,0
1232,223,35,1
1233,137,34,7
1234,72,60,0
1235,163,58,2
1236,203,34,1
1237,7,35,0
1238,42,63,1
1239,223,60,8
1240,223,34,0
1241,61,35,6
1242,2,19,2
1243,203,35,0
1244,223,35,0
1245,35,34,6
1246,258,60,0
1247,223,26,0
1248,223,35,0
1249,37,34,2
1250,102,61,0
1251,257,55,0
1252,97,44,1
1253,223,35,1
1254,13,35,1
1255,266,64,0
1256,47,78,0
1257,98,34,1
1258,102,34,0
1259,138,35,4
1260,265,32,0
1261,255,27,2
1262,26,35,2
1263,223,34,2
1264,223,60,1
1265,121,45,1
1266,4,44,3
1267,223,35,0
1268,223,60,0
1269,61,34,1
1270,265,60,3
1271,255,35,0
1272,61,60,8
1273,131,35,0
1274,265,34,1
1275,78,34,0
1276,42,35,0
1277,42,35,0
1278,260,35,5
1279,265,17,3
1280,178,42,2
1281,128,6,0
1282,138,35,1
1283,137,35,1
1284,80,60,2
1285,61,53,5
1286,270,60,2
1287,255,27,1
1288,42,27,0
1289,265,44,6
1290,266,56,5
1291,138,26,3
1292,121,35,1
1293,121,35,0
1294,132,37,0
1295,240,3,1
1296,222,45,6
1297,223,33,1
1298,37,44,0
1299,42,35,0
1300,102,34,1
1301,70,68,2
1302,198,35,0
1303,223,35,2
1304,138,34,0
1305,197,44,0
1306,61,35,0
1307,7,35,1
1308,133,34,2
1309,95,60,0
1310,163,35,1
1311,2,60,2
1312,240,3,1
1313,96,35,1
1314,255,33,3
1315,223,34,0
1316,1,35,0
1317,223,25,0
1318,87,35,0
1319,183,34,1
1320,183,36,0
1321,70,68,4
1322,137,35,2
1323,61,60,0
1324,42,32,0
1325,223,34,2
1326,7,34,0
1327,48,34,0
1328,255,35,1
1329,223,44,0
1330,302,34,11
1331,195,34,2
1332,223,34,0
1333,223,34,2
1334,31,34,0
1335,223,35,1
1336,131,44,0
1337,121,60,5
1338,70,43,5
1339,42,56,0
1340,239,34,0
1341,37,45,0
1342,198,34,1
1343,223,60,0
1344,102,35,0
1345,37,34,1
1346,37,34,0
1347,131,35,0
1348,102,34,1
1349,5,35,0
1350,121,14,2
1351,265,60,1
1352,61,35,1
1353,223,43,1
1354,42,88,0
1355,96,44,0
1356,47,44,4
1357,102,60,0
1358,97,35,1
1359,223,60,3
1360,223,34,1
1361,50,34,0
1362,61,60,1
1363,265,60,1
1364,146,35,0
1365,265,34,4
1366,124,34,0
1367,96,35,0
1368,260,35,0
1369,96,35,1
1370,222,44,3
1371,183,33,7
1372,128,17,0
1373,260,34,0
1374,137,34,1
1375,96,35,0
1376,106,35,1
1377,223,35,0
1378,223,35,1
1379,42,60,0
1380,130,35,0
1381,96,33,0
1382,70,68,2
1383,61,34,0
1384,265,34,6
1385,260,35,0
1386,58,34,1
1387,138,33,4
1388,265,34,5
1389,163,32,1
1390,215,35,1
1391,97,58,0
1392,130,35,0
1393,260,35,2
1394,203,20,1
1395,14,34,1
1396,258,34,1
1397,223,34,1
1398,265,34,5
1399,265,33,1
1400,61,60,1
1401,265,34,5
1402,257,35,0
1403,137,54,1
1404,176,35,2
1405,223,35,1
1406,265,35,1
1407,138,34,0
1408,265,33,0
1409,265,60,0
1410,206,44,0
1411,139,60,1
1412,215,35,1
1413,42,51,0
1414,163,47,0
1415,37,43,0
1416,195,55,0
1417,70,51,9
1418,70,26,0
1419,183,71,1
1420,223,35,1
1421,202,34,0
1422,61,60,2
1423,19,36,1
1424,265,32,0
1425,183,35,0
1426,97,46,0
1427,265,32,1
1428,138,35,0
1429,223,55,0
1430,137,35,1
1431,247,78,0
1432,93,35,1
1433,137,35,0
1434,61,34,0
1435,185,35,2
1436,223,35,2
1437,70,82,1
1438,128,6,0
1439,223,82,0
1440,95,60,0
1441,265,32,0
1442,102,34,0
1443,96,36,0
1444,7,35,3
1445,209,34,0
1446,63,34,4
1447,163,34,0
1448,37,34,1
1449,147,17,0
1450,223,35,0
1451,42,17,0
1452,258,35,1
1453,234,35,0
1454,163,45,1
1455,132,35,0
1456,80,42,6
1457,26,35,0
1458,42,35,1
1459,137,35,4
1460,138,34,1
1461,223,35,0
1462,96,34,1
1463,4,34,0
1464,138,70,1
1465,42,36,0
1466,92,34,0
1467,63,34,1
1468,183,35,0
1469,96,34,1
1470,96,60,1
1471,107,60,0
1472,240,18,2
1473,242,18,20
1474,37,20,0
1475,302,60,5
1476,181,35,2
1477,204,34,3
1478,223,33,0
1479,265,33,7
1480,48,60,0
1481,26,60,1
1482,215,35,3
1483,195,35,0
1484,134,34,4
1485,122,35,0
1486,37,33,1
1487,53,58,1
1488,55,60,1
1489,58,35,1
1490,76,60,5
1491,223,44,1
1492,130,35,1
1493,223,60,1
1494,61,35,0
1495,223,34,1
1496,42,44,1
1497,43,60,0
1498,255,76,0
1499,255,78,2
1500,195,33,0
1501,61,35,3
1502,178,35,1
1503,80,34,1
1504,122,35,4
1505,137,35,1
1506,265,35,1
1507,112,35,0
1508,137,35,2
1509,6,33,1
1510,19,35,1
1511,265,60,6
1512,265,44,11
1513,223,34,2
1514,6,60,1
1515,130,60,1
1516,138,44,1
1517,50,34,1
1518,70,60,16
1519,265,60,10
1520,223,42,1
1521,265,34,4
1522,42,35,0
1523,137,35,4
1524,70,20,3
1525,265,34,11
1526,265,33,2
1527,87,35,1
1528,7,34,0
1529,42,44,0
1530,78,35,1
1531,52,60,1
1532,146,33,1
1533,223,60,4
1534,195,35,1
1535,292,35,0
1536,26,44,0
1537,102,19,0
1538,131,33,1
1539,61,60,2
1540,47,34,1
1541,198,60,2
1542,198,35,0
1543,221,35,0
1544,191,35,2
1545,195,35,0
1546,131,34,0
1547,78,69,0
1548,265,33,8
1549,102,35,2
1550,255,30,0
1551,26,34,4
1552,223,45,5
1553,265,45,0
1554,61,60,0
1555,163,20,0
1556,128,44,3
1557,58,88,0
1558,35,35,0
1559,80,35,1
1560,4,34,1
1561,121,35,0
1562,137,35,0
1563,265,35,2
1564,213,34,2
1565,202,26,0
1566,61,43,4
1567,163,29,4
1568,265,46,1
1569,35,34,1
1570,163,38,0
1571,26,35,1
1572,7,35,0
1573,223,35,1
1574,2,34,3
1575,265,33,4
1576,71,33,1
1577,53,34,0
1578,96,68,0
1579,66,35,1
1580,243,34,0
1581,282,60,1
1582,69,33,0
1583,194,34,0
1584,265,44,3
1585,223,34,1
1586,147,61,0
1587,138,12,0
1588,97,69,1
1589,265,36,0
1590,102,44,0
1591,265,34,5
1592,102,64,1
1593,132,54,0
1594,265,46,3
1595,131,35,1
1596,131,35,1
1597,265,36,5
1598,265,46,1
1599,73,35,0
1600,150,35,9
1601,105,34,0
1602,260,34,0
1603,233,34,0
1604,72,33,0
1605,70,60,9
1606,223,60,0
1607,19,33,0
1608,265,60,9
1609,70,68,1
1610,282,33,2
1611,198,34,0
1612,80,35,2
1613,164,34,0
1614,42,17,0
1615,222,66,1
1616,106,34,0
1617,163,12,1
1618,52,60,0
1619,233,60,1
1620,243,34,0
1621,265,60,1
1622,265,20,0
1623,233,45,0
1624,141,44,0
1625,70,26,1
1626,101,9,0
1627,97,70,1
1628,70,18,1
1629,265,20,4
1630,223,34,0
1631,223,35,3
1632,61,34,3
1633,78,35,1
1634,257,35,0
1635,4,35,0
1636,121,36,1
1637,80,35,0
1638,259,70,0
1639,138,34,1
1640,42,78,2
1641,265,60,1
1642,70,60,7
1643,61,60,1
1644,265,20,7
1645,269,35,1
1646,138,44,0
1647,240,18,1
1648,223,34,0
1649,96,35,1
1650,190,35,1
1651,61,35,6
1652,265,31,3
1653,25,35,1
1654,61,35,0
1655,183,35,1
1656,257,35,0
1657,223,34,4
1658,31,33,0
1659,159,35,3
1660,267,45,0
1661,210,34,0
1662,173,43,3
1663,87,35,3
1664,42,42,0
1665,198,34,0
1666,55,60,0
1667,223,35,0
1668,215,60,1
1669,223,35,0
1670,110,34,0
1671,78,34,0
1672,302,45,3
1673,42,33,0
1674,19,36,0
1675,27,34,0
1676,42,36,1
1677,173,56,7
1678,223,35,2
1679,58,35,2
1680,128,29,3
1681,246,35,0
1682,42,44,1
1683,52,60,1
1684,141,88,0
1685,58,34,3
1686,223,35,2
1687,61,34,1
1688,132,35,0
1689,30,35,1
1690,102,56,1
1691,7,35,1
1692,268,33,0
1693,76,61,5
1694,265,31,2
1695,255,17,1
1696,102,41,0
1697,255,16,0
1698,207,63,2
1699,42,44,2
1700,96,35,1
1701,97,35,0
1702,208,34,0
1703,265,45,1
1704,97,61,1
1705,61,34,0
1706,77,60,9
1707,177,34,0
1708,61,36,2
1709,211,34,1
1710,55,46,0
1711,26,60,0
1712,265,43,5
1713,265,43,1
1714,61,34,0
1715,165,36,1
1716,265,33,1
1717,265,5,1
1718,136,35,1
1719,223,35,0
1720,247,35,2
1721,265,32,3
1722,138,44,1
1723,223,35,1
1724,163,54,6
1725,265,46,5
1726,19,34,3
1727,22,35,0
1728,42,83,1
1729,132,26,0
1730,265,35,12
1731,37,33,0
1732,265,60,0
1733,223,35,0
1734,255,27,1
1735,83,35,1
1736,80,34,2
1737,183,46,0
1738,223,61,2
1739,265,35,2
1740,260,35,0
1741,163,46,0
1742,61,34,3
1743,26,46,0
1744,223,35,0
1745,70,9,0
1746,58,55,0
1747,152,87,1
1748,265,35,8
1749,61,35,2
1750,265,42,6
1751,223,26,2
1752,26,35,1
1753,205,35,0
1754,61,60,3
1755,265,46,2
1756,26,35,0
1757,70,46,2
1758,223,60,0
1759,265,35,2
1760,98,70,3
1761,223,35,0
1762,35,35,1
1763,302,19,0
1764,102,56,1
1765,7,34,0
1766,138,19,0
1767,147,29,3
1768,266,9,1
1769,265,58,4
1770,58,31,0
1771,42,35,0
1772,71,4,1
1773,146,61,1
1774,42,70,2
1775,265,34,1
1776,26,27,2
1777,265,34,0
1778,203,43,2
1779,265,44,3
1780,97,55,0
1781,121,60,1
1782,223,60,0
1783,26,36,0
1784,265,35,1
1785,191,35,0
1786,26,6,0
1787,138,51,2
1788,304,60,2
1789,61,35,1
1790,180,36,1
1791,138,35,1
1792,265,36,0
1793,223,26,0
1794,234,45,6
1795,265,43,5
1796,177,36,0
1797,265,35,0
1798,175,34,1
1799,198,60,0
1800,195,35,1
1801,138,44,4
1802,265,35,2
1803,130,35,0
1804,223,60,1
1805,138,35,0
1806,98,35,0
1807,47,34,0
1808,138,34,1
1809,7,35,0
1810,192,35,0
1811,265,31,5
1812,223,39,2
1813,55,35,1
1814,26,44,0
1815,265,33,1
1816,265,60,1
1817,6,51,1
1818,209,34,0
1819,195,5,0
1820,223,35,1
1821,265,35,4
1822,192,44,0
1823,130,60,1
1824,70,21,4
1825,70,30,1
1826,198,34,0
1827,265,32,0
1828,265,33,2
1829,97,19,0
1830,42,31,1
1831,223,26,5
1832,223,19,1
1833,102,55,1
1834,265,35,5
1835,265,34,0
1836,198,35,0
1837,37,46,1
1838,66,44,1
1839,162,17,1
1840,226,44,3
1841,147,55,3
1842,44,60,0
1843,121,60,2
1844,132,35,0
1845,85,33,0
1846,265,19,2
1847,58,44,3
1848,32,70,0
1849,42,35,0
1850,98,60,3
1851,7,35,1
1852,223,45,0
1853,42,33,0
1854,96,34,5
1855,19,60,1
1856,265,43,3
1857,70,17,4
1858,135,35,1
1859,53,35,0
1860,138,34,1
1861,35,78,1
1862,70,78,1
1863,223,46,0
1864,183,33,1
1865,37,34,0
1866,26,34,1
1867,265,20,0
1868,265,60,2
1869,99,34,2
1870,223,60,3
1871,265,36,0
1872,265,60,3
1873,302,35,1
1874,37,88,1
1875,259,35,1
1876,32,69,1
1877,58,80,0
1878,147,67,0
1879,26,35,1
1880,70,47,1
1881,42,36,0
1882,35,65,2
1883,138,34,0
1884,37,79,0
1885,128,70,0
1886,223,17,0
1887,42,32,0
1888,222,74,1
1889,266,29,7
1890,96,34,0
1891,223,12,1
1892,303,14,4
1893,70,1,1
1894,138,34,1
1895,146,9,1
1896,265,35,3
1897,83,45,1
1898,19,35,0
1899,96,34,0
1900,71,12,4
1901,265,32,0
1902,223,35,0
1903,223,88,2
1904,222,28,1
1905,37,79,3
1906,29,37,0
1907,198,34,0
1908,70,80,0
1909,138,77,2
1910,265,33,7
1911,165,36,1
1912,223,44,0
1913,141,35,0
1914,265,36,9
1915,265,46,2
1916,265,43,5
1917,265,34,2
1918,240,67,3
1919,158,35,0
1920,138,82,0
1921,7,34,1
1922,34,87,0
1923,147,5,3
1924,32,53,1
1925,223,32,5
1926,223,35,1
1927,302,60,4
1928,270,16,0
1929,42,44,1
1930,265,35,10
1931,138,31,4
1932,73,45,1
1933,138,35,1
1934,120,34,1
1935,207,56,0
1936,42,55,1
1937,138,34,1
1938,138,46,1
1939,265,60,1
1940,137,54,4
1941,198,35,0
1942,141,31,3
1943,73,34,1
1944,52,40,0
1945,183,68,1
1946,61,34,1
1947,78,35,0
1948,265,60,1
1949,42,32,0
1950,239,34,0
1951,42,44,1
1952,265,34,1
1953,266,53,6
1954,223,35,2
1955,102,40,0
1956,256,33,0
1957,44,60,6
1958,56,78,1
1959,26,35,1
1960,122,36,0
1961,265,20,4
1962,302,34,3
1963,146,5,0
1964,183,34,1
1965,34,70,0
1966,58,89,0
1967,28,34,0
1968,165,34,2
1969,223,35,0
1970,61,43,0
1971,223,35,1
1972,135,35,0
1973,265,45,0
1974,223,35,0
1975,265,20,3
1976,165,34,2
1977,61,34,0
1978,135,45,0
1979,165,34,3
1980,255,41,2
1981,42,8,1
1982,307,88,0
1983,6,60,0
1984,223,70,2
1985,42,55,1
1986,265,44,0
1987,259,17,1
1988,73,62,0
1989,223,37,0
1990,61,34,2
1991,70,11,4
1992,265,45,5
1993,61,34,1
1994,20,34,1
1995,138,35,0
1996,61,35,1
1997,138,35,1
1998,73,42,1
1999,60,35,0
2000,223,78,0
2001,96,35,1
2002,270,60,2
2003,37,78,0
2004,265,33,2
2005,138,33,2
2006,42,36,1
2007,302,34,1
2008,255,55,0
2009,52,34,0
2010,98,45,0
2011,266,36,1
2012,132,35,0
2013,132,35,1
2014,98,43,1
2015,138,60,1
2016,265,45,1
2017,166,35,2
2018,108,88,2
2019,83,58,3
2020,37,44,0
2021,265,42,1
2022,87,35,0
2023,66,78,2
2024,42,27,2
2025,138,46,2
2026,47,71,2
2027,96,34,0
2028,240,18,2
2029,42,54,1
2030,265,43,1
2031,61,34,6
2032,138,33,0
2033,125,34,0
2034,138,60,0
2035,19,33,0
2036,265,35,3
2037,265,33,17
2038,127,35,0
2039,265,35,1
2040,2,60,0
2041,42,61,0
2042,121,33,0
2043,61,35,1
2044,102,35,0
2045,181,71,3
2046,61,35,1
2047,138,44,0
2048,223,35,0
2049,76,60,0
2050,202,5,1
2051,260,34,0
2052,61,60,1
2053,265,44,1
2054,61,33,2
2055,73,35,1
2056,7,34,0
2057,265,35,1
2058,26,34,2
2059,55,60,0
2060,128,35,4
2061,211,33,1
2062,265,27,0
2063,56,60,3
2064,138,26,2
2065,263,75,11
2066,138,75,0
2067,136,35,2
2068,265,26,1
2069,61,60,1
2070,80,35,4
2071,165,34,1
2072,223,34,1
2073,102,55,0
2074,105,6,0
2075,26,34,1
2076,19,34,4
2077,138,41,1
2078,265,46,1
2079,12,45,2
2080,265,45,5
2081,138,17,1
2082,255,62,1
2083,255,55,2
2084,98,34,2
2085,255,55,0
2086,32,35,2
2087,95,54,0
2088,26,80,0
2089,131,78,1
2090,250,53,1
2091,42,31,0
2092,138,74,1
2093,146,27,1
2094,265,42,1
2095,265,49,1
2096,302,51,0
2097,42,27,1
2098,183,5,2
2099,265,42,3
2100,70,46,0
2101,223,34,0
2102,255,55,1
2103,138,60,0
2104,61,60,1
2105,223,35,1
2106,96,35,0
2107,223,35,1
2108,223,35,2
2109,265,25,3
2110,26,34,1
2111,26,32,3
2112,102,78,0
2113,101,42,0
2114,131,78,1
2115,138,60,0
2116,63,34,0
2117,265,17,1
2118,241,25,0
2119,19,74,0
2120,269,80,0
2121,265,35,2
2122,47,35,0
2123,21,35,1
2124,6,34,4
2125,138,60,1
2126,71,42,4
2127,137,64,3
2128,61,19,1
2129,54,55,1
2130,138,35,3
2131,26,35,0
2132,223,34,0
2133,137,35,0
2134,131,55,1
2135,222,43,1
2136,265,33,2
2137,42,27,0
2138,259,17,0
2139,2,38,2
2140,130,35,0
2141,83,35,1
2142,265,32,2
2143,73,34,1
2144,223,42,0
2145,265,36,1
2146,258,28,2
2147,132,43,0
2148,14,35,2
2149,302,34,3
2150,223,78,0
2151,70,42,1
2152,61,60,2
2153,121,49,3
2154,26,35,0
2155,138,45,2
2156,91,35,0
2157,130,35,0
2158,92,34,0
2159,42,44,1
2160,255,63,0
2161,26,35,3
2162,222,45,1
2163,92,3,1
2164,138,35,2
2165,138,26,1
2166,163,56,6
2167,138,44,0
2168,52,17,0
2169,137,34,9
2170,223,44,1
2171,198,37,3
2172,70,20,0
2173,285,60,2
2174,265,24,3
2175,98,60,0
2176,217,34,1
2177,282,35,2
2178,179,71,2
2179,61,33,1
2180,42,27,0
2181,57,34,1
2182,265,43,2
2183,147,16,0
2184,173,6,0
2185,258,87,0
2186,37,60,0
2187,138,32,1
2188,223,44,1
2189,26,44,0
2190,128,34,1
2191,138,51,0
2192,174,35,7
2193,46,34,1
2194,30,34,0
2195,18,26,0
2196,47,63,0
2197,263,51,2
2198,61,35,4
2199,42,54,1
2200,70,88,3
2201,27,34,3
2202,165,71,1
2203,88,32,1
2204,265,34,3
2205,96,34,0
2206,165,5,1
2207,165,71,1
2208,61,34,0
2209,223,74,1
2210,174,89,2
2211,174,71,2
2212,265,43,1
2213,98,33,1
2214,132,10,0
2215,95,27,0
2216,52,60,0
2217,265,44,1
2218,102,60,0
2219,227,33,0
2220,226,35,2
2221,61,10,1
2222,96,34,1
2223,223,60,0
2224,266,17,0
2225,210,66,2
2226,265,16,0
2227,42,45,1
2228,265,33,7
2229,12,35,2
2230,35,80,6
2231,223,17,1
2232,223,41,2
2233,9,34,0
2234,96,20,1
2235,19,38,0
2236,19,36,4
2237,120,27,4
2238,263,50,0
2239,198,80,1
2240,61,35,0
2241,42,54,0
2242,263,60,2
2243,282,61,0
2244,174,71,2
2245,138,37,0
2246,163,17,1
2247,70,42,2
2248,223,60,0
2249,70,78,1
2250,61,34,2
2251,71,32,0
2252,70,46,1
2253,130,80,1
2254,266,6,1
2255,117,33,0
2256,260,4,4
2257,132,78,0
2258,265,33,0
2259,120,7,0
2260,61,35,1
2261,121,34,0
2262,70,87,2
2263,209,35,0
2264,264,35,0
2265,265,43,0
2266,270,35,3
2267,265,60,2
2268,34,16,10
2269,61,35,2
2270,78,34,5
2271,223,34,0
2272,19,35,1
2273,55,35,0
2274,26,35,1
2275,120,37,1
2276,120,36,5
2277,120,62,0
2278,265,34,0
2279,6,35,1
2280,203,56,2
2281,96,56,1
2282,258,31,3
2283,263,60,7
2284,248,78,3
2285,61,35,0
2286,258,25,1
2287,6,61,3
2288,222,43,0
2289,102,60,2
2290,223,42,0
2291,63,60,1
2292,26,60,2
2293,265,32,1
2294,165,34,3
2295,177,71,1
2296,119,44,0
2297,96,46,0
2298,240,67,1
2299,102,61,0
2300,288,6,1
2301,42,78,1
2302,61,35,0
2303,42,44,0
2304,198,44,1
2305,265,20,6
2306,162,34,0
2307,263,60,3
2308,61,61,4
2309,260,68,0
2310,96,34,8
2311,19,61,1
2312,26,33,1
2313,221,34,0
2314,224,50,3
2315,265,41,7
2316,265,19,3
2317,121,62,2
2318,61,35,1
2319,265,33,0
2320,34,78,0
2321,34,62,2
2322,6,29,1
2323,19,34,2
2324,96,23,0
2325,102,35,0
2326,28,34,0
2327,19,45,5
2328,282,45,5
2329,265,27,5
2330,265,31,1
2331,102,62,2
2332,70,42,3
2333,73,26,0
2334,207,8,0
2335,102,60,1
2336,121,75,1
2337,80,60,2
2338,265,32,0
2339,165,61,3
2340,61,60,1
2341,136,35,3
2342,265,45,0
2343,26,62,1
2344,121,43,0
2345,178,34,3
2346,28,34,0
2347,255,29,2
2348,198,34,0
2349,102,35,1
2350,58,56,1
2351,42,45,2
2352,61,34,3
2353,224,61,0
2354,258,35,1
2355,42,38,0
2356,156,33,2
2357,302,34,3
2358,32,28,0
2359,102,64,0
2360,102,34,0
2361,265,20,0
2362,154,68,1
2363,80,60,0
2364,78,42,1
2365,258,19,0
2366,132,44,3
2367,223,80,1
2368,55,46,0
2369,42,63,1
2370,138,20,1
2371,61,66,3
2372,43,44,0
2373,7,34,0
2374,32,27,0
2375,61,33,2
2376,19,11,0
2377,254,87,0
2378,136,35,4
2379,26,45,1
2380,96,28,0
2381,42,39,0
2382,34,68,2
2383,264,70,1
2384,265,35,3
2385,87,35,1
2386,186,35,0
2387,61,34,3
2388,223,35,0
2389,165,26,0
2390,195,34,0
2391,61,35,2
2392,6,46,0
2393,101,64,0
2394,27,45,3
2395,231,78,0
2396,61,34,6
2397,121,35,1
2398,283,78,1
2399,37,8,0
2400,80,15,6
2401,61,35,1
2402,163,74,4
2403,8,69,2
2404,198,34,0
2405,91,37,0
2406,121,51,1
2407,61,35,0
2408,258,86,1
2409,88,35,1
2410,265,20,0
2411,42,27,1
2412,144,21,8
2413,140,35,1
2414,53,34,0
2415,121,35,2
2416,121,35,1
2417,269,35,0
2418,100,69,0
2419,121,29,5
2420,121,33,0
2421,138,56,0
2422,226,43,1
2423,265,32,1
2424,128,17,1
2425,224,47,0
2426,237,11,0
2427,165,5,1
2428,6,60,8
2429,165,5,0
2430,266,67,2
2431,223,31,0
2432,80,44,3
2433,96,45,6
2434,64,54,6
2435,240,67,6
2436,265,45,3
2437,177,34,1
2438,98,35,3
2439,61,34,6
2440,12,33,2
2441,19,15,0
2442,42,26,0
2443,61,34,3
2444,283,60,1
2445,61,35,6
2446,265,46,1
2447,265,20,1
2448,259,43,0
2449,131,30,0
2450,61,35,1
2451,258,17,3
2452,81,60,1
2453,42,46,0
2454,265,16,6
2455,263,60,0
2456,80,34,3
2457,37,32,1
2458,265,26,2
2459,258,16,1
2460,97,35,0
2461,3,35,1
2462,234,43,0
2463,265,33,0
2464,19,35,1
2465,19,35,2
2466,19,36,0
2467,265,19,0
2468,96,40,0
2469,121,40,0
2470,83,45,0
2471,19,6,1
2472,133,31,2
2473,70,26,1
2474,80,41,0
2475,74,44,0
2476,39,33,0
2477,122,51,0
2478,98,32,0
2479,167,45,1
2480,8,35,1
2481,138,29,0
2482,80,38,5
2483,61,61,0
2484,61,35,0
2485,261,63,1
2486,42,61,0
2487,102,34,1
2488,233,60,2
2489,96,34,1
2490,215,64,1
2491,80,21,0
2492,265,32,4
2493,64,33,3
2494,282,34,0
2495,61,60,4
2496,96,43,3
2497,52,60,3
2498,198,34,0
2499,122,49,0
2500,25,34,0
2501,26,17,1
2502,26,19,1
2503,265,5,3
2504,83,34,0
2505,62,70,0
2506,121,69,1
2507,98,28,1
2508,27,28,0
2509,90,56,4
2510,258,76,0
2511,138,60,0
2512,223,55,2
2513,265,35,6
2514,42,31,0
2515,265,46,0
2516,123,35,0
2517,61,60,2
2518,132,45,1
2519,265,20,1
2520,137,68,1
2521,138,47,0
2522,94,18,2
2523,241,25,0
2524,195,60,1
2525,165,33,1
2526,266,55,1
2527,138,45,1
2528,42,54,1
2529,264,26,1
2530,91,64,3
2531,42,64,1
2532,165,35,0
2533,19,79,0
2534,163,45,0
2535,271,67,6
2536,210,35,0
2537,263,60,4
2538,26,38,1
2539,97,6,0
2540,240,18,0
2541,136,35,1
2542,265,32,1
2543,91,70,3
2544,258,35,0
2545,260,34,1
2546,80,35,1
2547,221,4,1
2548,141,58,0
2549,222,6,1
2550,265,58,1
2551,260,35,5
2552,124,27,0
2553,302,60,0
2554,302,34,0
2555,138,44,2
2556,234,35,1
2557,71,16,0
2558,132,35,1
2559,178,55,2
2560,135,52,3
2561,98,38,2
2562,70,64,0
2563,265,58,2
2564,37,45,1
2565,42,89,1
2566,96,44,0
2567,94,4,0
2568,42,4,1
2569,63,34,1
2570,61,35,1
2571,214,44,0
2572,302,60,1
2573,167,26,1
2574,302,42,1
2575,42,29,0
2576,172,26,1
2577,42,87,0
2578,198,34,0
2579,62,77,1
2580,302,60,1
2581,165,26,0
2582,13,34,1
2583,37,34,1
2584,274,34,1
2585,98,70,0
2586,96,38,0
2587,73,32,2
2588,302,36,1
2589,63,60,1
2590,223,27,0
2591,282,44,1
2592,42,17,1
2593,132,44,0
2594,228,48,1
2595,96,45,0
2596,223,33,1
2597,235,39,0
2598,6,78,4
2599,130,34,0
2600,34,79,0
2601,265,32,4
2602,97,35,0
2603,39,33,0
2604,70,33,6
2605,121,86,1
2606,258,28,1
2607,74,37,1
2608,302,33,3
2609,19,22,0
2610,61,35,0
2611,138,55,1
2612,177,73,2
2613,28,10,1
2614,197,46,0
2615,138,58,0
2616,61,61,3
2617,131,35,1
2618,6,54,6
2619,286,59,0
2620,178,66,3
2621,64,4,0
2622,265,16,0
2623,61,60,1
2624,122,19,0
2625,98,36,0
2626,98,9,4
2627,136,35,1
2628,265,31,11
2629,1,31,0
2630,37,34,0
2631,203,19,1
2632,37,34,0
2633,42,15,0
2634,234,35,0
2635,6,32,2
2636,95,16,10
2637,155,53,4
2638,96,31,0
2639,197,41,1
2640,75,36,1
2641,61,34,5
2642,302,43,1
2643,50,34,0
2644,138,52,2
2645,177,35,2
2646,264,20,0
2647,34,38,1
2648,93,78,1
2649,26,29,0
2650,258,54,2
2651,195,60,0
2652,61,56,7
2653,258,74,1
2654,139,34,0
2655,260,4,8
2656,94,41,1
2657,149,31,2
2658,78,60,2
2659,198,34,0
2660,26,85,2
2661,215,34,2
2662,61,35,1
2663,90,34,3
2664,265,33,2
2665,135,55,0
2666,146,66,1
2667,260,56,4
2668,270,79,2
2669,19,33,0
2670,61,34,1
2671,42,10,1
2672,42,34,0
2673,91,61,2
2674,258,35,0
2675,231,26,0
2676,192,35,0
2677,37,34,0
2678,35,61,1
2679,202,34,1
2680,265,32,8
2681,302,34,17
2682,102,43,0
2683,223,60,1
2684,80,35,0
2685,222,34,1
2686,136,60,1
2687,258,11,1
2688,218,34,0
2689,58,19,2
2690,50,34,1
2691,122,41,1
2692,96,69,0
2693,129,44,1
2694,222,60,3
2695,42,44,1
2696,247,60,1
2697,67,43,2
2698,138,35,0
2699,61,60,2
2700,241,25,2
2701,26,34,0
2702,98,26,2
2703,174,35,0
2704,121,46,0
2705,120,38,2
2706,223,69,0
2707,73,41,2
2708,212,34,0
2709,207,53,0
2710,28,45,0
2711,70,17,4
2712,61,60,2
2713,121,45,6
2714,177,32,0
2715,302,34,3
2716,26,35,1
2717,195,61,1
2718,7,34,0
2719,223,38,1
2720,165,36,2
2721,138,27,1
2722,222,59,1
2723,258,20,0
2724,70,35,2
2725,80,19,6
2726,254,61,1
2727,223,15,0
2728,37,34,1
2729,97,46,1
2730,194,34,0
2731,135,49,0
2732,258,35,0
2733,61,34,2
2734,265,31,2
2735,42,29,0
2736,265,42,1
2737,121,20,0
2738,6,88,1
2739,265,43,1
2740,33,34,0
2741,61,64,8
2742,234,70,0
2743,73,44,0
2744,42,35,3
2745,265,45,9
2746,139,1,0
2747,32,68,0
2748,255,5,2
2749,121,39,1
2750,212,34,0
2751,42,10,1
2752,79,69,1
2753,71,31,1
2754,6,34,6
2755,102,34,4
2756,257,35,1
2757,138,70,1
2758,71,35,1
2759,131,33,0
2760,302,60,0
2761,52,63,0
2762,223,20,0
2763,61,35,6
2764,173,72,0
2765,258,60,2
2766,258,27,1
2767,167,35,0
2768,90,45,3
2769,61,35,2
2770,138,20,0
2771,94,20,0
2772,258,72,1
2773,73,35,2
2774,64,60,3
2775,135,64,1
2776,96,60,1
2777,61,45,1
2778,80,29,1
2779,37,34,3
2780,61,18,4
2781,19,37,0
2782,258,60,0
2783,265,59,2
2784,258,68,2
2785,258,21,1
2786,39,34,0
2787,152,35,1
2788,34,80,0
2789,83,36,0
2790,34,33,0
2791,258,70,6
2792,96,36,5
2793,223,35,1
2794,61,60,2
2795,58,35,2
2796,12,60,1
2797,258,89,1
2798,61,34,0
2799,96,60,1
2800,97,55,0
2801,141,37,0
2802,73,41,2
2803,132,44,0
2804,260,34,5
2805,54,35,5
2806,207,35,0
2807,264,32,0
2808,263,69,0
2809,96,10,1
2810,265,32,2
2811,61,35,3
2812,132,87,1
2813,132,16,0
2814,70,34,1
2815,258,18,1
2816,271,27,2
2817,7,35,1
2818,2,31,3
2819,62,63,4
2820,73,61,2
2821,228,48,3
2822,258,26,3
2823,43,44,0
2824,37,40,0
2825,282,35,0
2826,102,34,0
2827,42,19,0
2828,6,43,0
2829,83,27,2
2830,120,42,2
2831,202,35,1
2832,96,16,1
2833,6,19,1
2834,6,60,0
2835,246,45,5
2836,19,56,0
2837,137,34,0
2838,6,44,2
2839,222,49,3
2840,209,35,0
2841,136,34,1
2842,96,59,6
2843,4,35,0
2844,122,34,0
2845,98,68,0
2846,302,45,7
2847,265,29,1
2848,47,35,1
2849,7,67,1
2850,48,44,0
2851,120,33,1
2852,61,35,0
2853,96,5,1
2854,138,9,0
2855,258,34,1
2856,223,45,3
2857,44,70,0
2858,265,32,3
2859,298,34,4
2860,302,35,2
2861,96,70,6
2862,6,83,0
2863,295,34,6
2864,138,38,2
2865,223,17,0
2866,91,60,0
2867,26,56,1
2868,237,56,1
2869,58,55,0
2870,171,35,0
2871,39,36,0
2872,166,35,1
2873,140,35,1
2874,136,60,2
2875,9,60,0
2876,6,61,0
2877,88,32,0
2878,270,32,2
2879,70,32,2
2880,98,69,0
2881,302,44,1
2882,153,34,2
2883,121,64,1
2884,7,35,2
2885,221,34,3
2886,19,62,0
2887,233,45,0
2888,208,60,0
2889,42,60,1
2890,61,33,0
2891,131,35,0
2892,73,41,2
2893,264,19,1
2894,255,27,4
2895,165,32,2
2896,55,35,1
2897,219,68,5
2898,282,35,6
2899,59,34,1
2900,130,35,2
2901,122,51,0
2902,61,34,0
2903,265,42,2
2904,34,55,1
2905,6,25,4
2906,302,85,1
2907,61,35,3
2908,271,60,4
2909,302,44,2
2910,286,59,1
2911,186,19,0
2912,286,50,1
2913,104,10,0
2914,128,44,0
2915,302,35,3
2916,267,62,1
2917,4,34,0
2918,132,42,1
2919,73,45,1
2920,120,37,1
2921,19,36,1
2922,128,5,1
2923,83,74,0
2924,282,35,0
2925,223,44,0
2926,6,32,4
2927,6,61,1
2928,87,35,0
2929,80,35,4
2930,34,21,1
2931,96,21,1
2932,42,34,6
2933,223,58,1
2934,52,60,2
2935,61,34,2
2936,73,79,0
2937,42,19,2
2938,203,70,0
2939,42,69,0
2940,85,35,0
2941,33,34,0
2942,34,11,0
2943,187,77,0
2944,302,68,0
2945,258,12,6
2946,138,58,0
2947,120,41,7
2948,278,46,1
2949,61,61,0
2950,96,60,0
2951,95,34,1
2952,305,35,1
2953,222,45,0
2954,131,34,0
2955,6,88,2
2956,130,36,0
2957,61,34,0
2958,267,27,0
2959,130,35,4
2960,270,35,1
2961,61,34,3
2962,260,35,8
2963,2,20,2
2964,58,60,0
2965,88,32,0
2966,270,55,0
2967,26,61,5
2968,42,35,0
2969,302,43,6
2970,265,16,7
2971,265,31,1
2972,96,66,0
2973,6,44,0
2974,302,33,0
2975,165,32,0
2976,80,56,0
2977,300,44,2
2978,135,55,3
2979,61,60,1
2980,249,56,2
2981,177,32,0
2982,255,10,0
2983,234,49,4
2984,19,55,1
2985,19,60,1
2986,34,86,1
2987,208,5,0
2988,90,70,0
2989,91,44,3
2990,61,35,0
2991,255,44,2
2992,85,35,1
2993,203,16,0
2994,138,68,1
2995,302,12,2
2996,203,51,0
2997,61,70,4
2998,26,41,0
2999,302,35,0
3000,302,34,2
3001,6,60,0
3002,6,45,5
3003,258,52,2
3004,58,34,3
3005,195,34,0
3006,249,17,1
3007,318,77,0
3008,80,36,1
3009,302,33,1
3010,98,88,0
3011,42,4,2
3012,223,18,3
3013,223,60,2
3014,165,41,1
3015,102,60,2
3016,61,35,1
3017,6,62,2
3018,203,16,8
3019,305,25,0
3020,302,60,1
3021,136,34,1
3022,132,26,0
3023,72,33,0
3024,27,34,1
3025,93,77,0
3026,302,43,4
3027,73,26,2
3028,83,33,1
3029,302,58,2
3030,37,43,0
3031,138,60,1
3032,6,42,1
3033,121,34,0
3034,62,36,0
3035,6,17,0
3036,42,60,0
3037,92,37,0
3038,183,60,1
3039,138,69,1
3040,234,60,10
3041,175,68,3
3042,61,34,1
3043,6,16,1
3044,122,60,1
3045,302,25,1
3046,11,16,1
3047,37,60,2
3048,267,29,3
3049,96,34,4
3050,58,65,0
3051,264,45,1
3052,19,31,2
3053,98,43,1
3054,302,33,1
3055,274,58,0
3056,130,78,0
3057,34,78,1
3058,71,23,4
3059,6,35,3
3060,61,59,3
3061,223,34,1
3062,61,35,3
3063,165,34,2
3064,302,26,1
3065,102,61,1
3066,183,63,3
3067,114,62,1
3068,246,71,0
3069,34,43,0
3070,178,17,2
3071,302,17,0
3072,186,12,0
3073,139,25,0
3074,37,35,0
3075,37,34,0
3076,6,45,4
3077,204,35,2
3078,70,25,1
3079,80,60,0
3080,41,79,0
3081,42,42,1
3082,237,9,6
3083,26,34,0
3084,265,45,0
3085,293,80,1
3086,83,46,0
3087,80,60,2
3088,136,34,2
3089,198,45,0
3090,37,34,0
3091,275,5,1
3092,258,37,0
3093,255,10,1
3094,43,44,1
3095,13,60,1
3096,61,34,1
3097,121,26,0
3098,63,34,2
3099,300,16,1
3100,227,35,0
3101,6,17,9
3102,102,31,1
3103,283,50,0
3104,42,10,1
3105,42,34,11
3106,302,11,0
3107,37,43,0
3108,26,15,2
3109,61,35,2
3110,258,6,2
3111,120,85,2
3112,265,19,0
3113,91,43,0
3114,258,51,1
3115,61,35,0
3116,73,25,3
3117,90,16,0
3118,302,27,4
3119,28,66,1
3120,83,60,0
3121,80,44,0
3122,137,89,1
3123,91,56,2
3124,63,60,2
3125,282,54,3
3126,6,82,1
3127,19,45,1
3128,265,58,4
3129,1,56,0
3130,265,17,2
3131,258,32,0
3132,6,33,0
3133,83,17,0
3134,258,51,1
3135,96,45,2
3136,70,87,1
3137,91,10,0
3138,50,34,1
3139,223,9,1
3140,237,35,4
3141,263,69,1
3142,165,34,1
3143,255,79,3
3144,19,27,1
3145,203,60,1
3146,6,77,0
3147,8,28,0
3148,80,26,1
3149,14,34,0
3150,104,45,0
3151,169,36,1
3152,64,82,1
3153,37,34,1
3154,227,34,2
3155,6,77,3
3156,90,77,2
3157,302,17,0
3158,167,34,2
3159,271,53,3
3160,223,68,0
3161,63,5,10
3162,6,35,1
3163,174,34,1
3164,6,13,0
3165,73,61,1
3166,80,35,0
3167,203,4,1
3168,68,46,0
3169,96,33,2
3170,222,33,0
3171,6,85,2
3172,42,19,0
3173,6,42,1
3174,176,60,2
3175,265,16,2
3176,135,79,1
3177,204,34,0
3178,264,34,0
3179,80,20,0
3180,6,32,2
3181,22,32,0
3182,96,20,0
3183,6,46,8
3184,302,38,4
3185,19,18,0
3186,70,75,1
3187,6,25,2
3188,123,31,9
3189,254,88,1
3190,48,60,0
3191,266,61,1
3192,120,61,5
3193,267,20,2
3194,75,58,1
3195,197,16,1
3196,28,44,2
3197,73,69,1
3198,6,6,0
3199,120,66,1
3200,138,44,0
3201,265,31,3
3202,2,0,0
3203,167,63,1
3204,61,63,2
3205,6,17,0
3206,6,32,3
3207,6,32,2
3208,52,35,0
3209,263,75,0
3210,184,63,4
3211,302,44,1
3212,132,29,1
3213,61,34,3
3214,73,45,0
3215,223,35,0
3216,95,16,8
3217,6,19,0
3218,212,29,1
3219,223,34,3
3220,302,29,0
3221,12,28,1
3222,129,85,0
3223,6,4,1
3224,165,31,0
3225,63,35,4
3226,34,36,0
3227,134,35,2
3228,171,33,1
3229,135,79,0
3230,42,19,0
3231,80,60,0
3232,188,60,0
3233,139,16,0
3234,91,38,0
3235,130,35,0
3236,128,34,1
3237,195,44,0
3238,6,27,7
3239,34,5,0
3240,275,51,0
3241,275,34,1
3242,6,43,4
3243,243,35,0
3244,267,42,2
3245,76,59,1
3246,39,33,0
3247,6,45,0
3248,96,42,0
3249,88,32,0
3250,165,34,1
3251,267,26,1
3252,178,56,0
3253,19,32,2
3254,171,51,1
3255,103,45,0
3256,249,35,0
3257,61,79,1
3258,6,45,3
3259,181,56,2
3260,267,45,1
3261,34,36,1
3262,61,34,1
3263,259,16,2
3264,302,45,0
3265,203,33,0
3266,83,70,1
3267,6,46,0
3268,6,33,2
3269,52,35,1
3270,76,61,1
3271,91,6,0
3272,306,61,0
3273,302,42,19
3274,91,35,0
3275,6,41,2
3276,9,55,0
3277,6,65,2
3278,61,44,5
3279,124,35,1
3280,83,31,1
3281,52,35,0
3282,137,35,0
3283,130,34,0
3284,120,75,2
3285,215,35,2
3286,183,60,1
3287,37,34,0
3288,132,31,6
3289,6,75,0
3290,6,18,0
3291,223,35,0
3292,203,34,0
3293,120,55,2
3294,54,56,1
3295,128,27,0
3296,307,10,0
3297,90,35,0
3298,302,35,8
3299,6,34,0
3300,131,35,0
3301,7,35,1
3302,69,64,0
3303,120,61,2
3304,192,45,0
3305,6,27,0
3306,34,21,1
3307,171,70,1
3308,61,34,2
3309,114,78,1
3310,73,57,1
3311,135,61,1
3312,121,15,3
3313,86,33,0
3314,74,77,0
3315,122,35,0
3316,120,34,0
3317,132,61,3
3318,83,23,0
3319,302,46,2
3320,120,61,3
3321,265,27,0
3322,189,53,0
3323,73,49,3
3324,171,86,0
3325,175,26,2
3326,73,78,4
3327,267,17,3
3328,234,49,0
3329,136,35,0
3330,178,34,1
3331,6,17,0
3332,177,56,1
3333,260,35,1
3334,243,34,0
3335,302,34,0
3336,267,5,4
3337,73,34,0
3338,50,34,1
3339,134,26,2
3340,283,56,0
3341,138,34,4
3342,170,34,0
3343,265,60,5
3344,61,60,1
3345,16,35,2
3346,126,35,0
3347,42,2,1
3348,172,5,0
3349,120,54,0
3350,96,34,0
3351,6,69,10
3352,90,44,2
3353,212,34,1
3354,85,60,2
3355,47,60,0
3356,48,60,0
3357,28,35,3
3358,166,56,1
3359,48,60,0
3360,267,72,1
3361,195,35,0
3362,204,34,0
3363,223,19,0
3364,61,35,0
3365,172,26,0
3366,207,34,0
3367,6,19,1
3368,6,33,6
3369,78,16,1
3370,73,5,0
3371,34,16,1
3372,110,34,0
3373,223,32,1
3374,141,58,0
3375,258,26,0
3376,37,58,0
3377,83,85,1
3378,165,55,1
3379,6,44,0
3380,120,78,0
3381,180,60,2
3382,42,16,1
3383,120,59,3
3384,96,60,1
3385,42,10,1
3386,134,35,0
3387,6,79,4
3388,73,44,0
3389,80,63,2
3390,302,45,4
3391,197,31,1
3392,95,16,2
3393,6,19,1
3394,121,35,0
3395,40,36,1
3396,80,19,1
3397,6,58,1
3398,83,6,1
3399,267,45,2
3400,63,34,5
3401,28,88,1
3402,61,60,1
3403,37,60,1
3404,93,26,3
3405,266,27,0
3406,231,35,0
3407,35,60,1
3408,63,34,5
3409,282,40,0
3410,178,35,1
3411,190,35,1
3412,205,35,1
3413,300,44,0
3414,137,34,3
3415,182,5,0
3416,61,16,0
3417,234,6,9
3418,263,75,0
3419,6,64,2
3420,85,61,0
3421,19,36,0
3422,6,87,2
3423,100,60,1
3424,223,34,1
3425,202,70,1
3426,6,58,1
3427,152,15,1
3428,42,70,1
3429,80,33,2
3430,216,34,0
3431,6,34,2
3432,302,45,1
3433,48,35,0
3434,6,23,6
3435,72,45,1
3436,64,33,1
3437,285,44,1
3438,130,35,0
3439,128,70,1
3440,80,62,1
3441,80,45,1
3442,52,34,0
3443,37,35,0
3444,6,27,1
3445,6,79,5
3446,80,86,1
3447,113,20,0
3448,64,19,1
3449,61,38,0
3450,158,34,0
3451,260,60,4
3452,264,34,0
3453,122,35,1
3454,203,60,0
3455,123,35,1
3456,120,38,9
3457,6,44,3
3458,204,34,0
3459,80,46,1
3460,50,34,1
3461,61,62,1
3462,120,80,0
3463,233,56,6
3464,80,11,1
3465,37,34,1
3466,177,42,1
3467,253,35,0
3468,28,33,1
3469,61,35,1
3470,7,35,0
3471,131,34,0
3472,29,35,0
3473,174,36,0
3474,254,35,0
3475,12,34,2
3476,208,34,0
3477,90,20,2
3478,61,33,0
3479,53,60,0
3480,240,3,2
3481,6,60,1
3482,195,34,1
3483,260,56,7
3484,212,34,0
3485,52,60,0
3486,218,32,0
3487,221,17,0
3488,80,35,0
3489,73,38,3
3490,70,16,3
3491,63,34,1
3492,19,38,0
3493,61,35,1
3494,267,5,1
3495,177,47,0
3496,42,35,0
3497,137,60,1
3498,104,68,1
3499,136,44,0
3500,224,27,1
3501,61,35,0
3502,135,27,0
3503,223,34,1
3504,223,20,2
3505,92,34,0
3506,107,56,2
3507,120,45,4
3508,302,63,7
3509,302,12,0
3510,133,34,1
3511,6,44,1
3512,80,56,0
3513,6,46,2
3514,223,35,0
3515,259,17,3
3516,277,43,2
3517,132,38,1
3518,283,34,0
3519,61,35,1
3520,136,34,0
3521,61,61,1
3522,80,4,0
3523,204,17,0
3524,270,42,1
3525,258,17,2
3526,212,34,0
3527,265,43,1
3528,61,35,1
3529,22,16,0
3530,92,60,1
3531,138,21,1
3532,138,34,0
3533,6,42,7
3534,138,34,4
3535,80,22,0
3536,140,12,0
3537,254,42,9
3538,6,25,1
3539,171,36,1
3540,131,34,0
3541,45,56,7
3542,63,34,3
3543,122,35,0
3544,238,60,1
3545,302,34,2
3546,50,34,0
3547,302,34,1
3548,265,31,3
3549,6,45,1
3550,80,60,1
3551,7,35,0
3552,246,36,1
3553,223,65,2
3554,174,47,0
3555,6,35,0
3556,123,43,1
3557,73,56,4
3558,258,56,9
3559,258,42,1
3560,165,42,1
3561,73,27,1
3562,19,55,3
3563,136,33,3
3564,267,20,1
3565,120,29,1
3566,6,16,3
3567,6,35,0
3568,37,60,0
3569,6,44,2
3570,61,55,0
3571,198,35,0
3572,34,78,0
3573,96,43,3
3574,120,56,3
3575,6,27,1
3576,137,41,0
3577,110,35,0
3578,6,42,7
3579,61,35,1
3580,6,11,1
3581,302,36,0
3582,120,9,7
3583,259,43,1
3584,137,34,2
3585,6,70,1
3586,186,63,1
3587,151,79,1
3588,131,35,0
3589,61,35,1
3590,73,35,1
3591,41,34,0
3592,213,34,0
3593,37,28,1
3594,6,43,0
3595,138,61,1
3596,34,36,0
3597,73,45,1
3598,6,58,0
3599,222,35,1
3600,6,70,4
3601,98,34,0
3602,91,45,3
3603,61,12,1
3604,37,54,6
3605,6,35,0
3606,23,35,3
3607,37,34,0
3608,120,43,13
3609,170,35,3
3610,221,35,1
3611,90,2,2
3612,4,35,1
3613,28,16,5
3614,6,6,0
3615,6,27,5
3616,60,43,7
3617,61,34,0
3618,247,34,1
3619,61,60,1
3620,246,35,3
3621,6,8,0
3622,302,26,2
3623,106,36,5
3624,162,78,1
3625,6,33,1
3626,120,35,1
3627,212,60,0
3628,43,34,3
3629,183,51,0
3630,145,35,0
3631,42,35,2
3632,61,35,2
3633,158,34,1
3634,139,42,1
3635,80,33,2
3636,6,32,5
3637,61,35,3
3638,6,64,0
3639,137,35,0
3640,265,19,0
3641,4,35,0
3642,264,16,1
3643,195,35,2
3644,8,35,0
3645,130,34,0
3646,2,38,3
3647,83,17,0
3648,191,34,0
3649,61,34,1
3650,80,34,0
3651,121,35,0
3652,228,40,0
3653,108,44,0
3654,80,54,4
3655,6,16,0
3656,164,33,2
3657,37,60,1
3658,82,32,0
3659,267,20,2
3660,61,60,2
3661,204,35,1
3662,138,61,1
3663,217,35,0
3664,63,34,2
3665,6,32,3
3666,96,34,1
3667,6,49,2
3668,265,33,1
3669,282,61,1
3670,73,41,1
3671,6,19,0
3672,264,27,0
3673,73,20,0
3674,64,55,0
3675,208,60,0
3676,104,20,1
3677,128,35,0
3678,61,4,0
3679,302,19,3
3680,202,60,1
3681,6,10,3
3682,163,12,0
3683,26,35,0
3684,6,88,0
3685,121,56,7
3686,258,42,0
3687,195,33,1
3688,265,58,1
3689,234,45,3
3690,260,35,0
3691,73,61,3
3692,37,34,0
3693,102,34,1
3694,136,35,3
3695,123,34,2
3696,258,17,1
3697,61,35,2
3698,188,32,0
3699,225,56,13
3700,61,31,1
3701,6,42,1
3702,107,60,1
3703,80,60,1
3704,6,28,2
3705,267,45,2
3706,267,36,1
3707,256,34,2
3708,302,35,2
3709,6,41,4
3710,27,34,3
3711,134,60,0
3712,138,36,1
3713,96,9,2
3714,80,35,5
3715,70,32,2
3716,121,35,0
3717,163,42,1
3718,267,37,0
3719,260,60,1
3720,90,32,1
3721,302,12,0
3722,8,40,0
3723,102,60,0
3724,128,35,0
3725,258,17,1
3726,260,60,1
3727,64,44,2
3728,282,33,3
3729,94,60,0
3730,27,34,0
3731,258,42,0
3732,234,35,1
3733,246,61,3
3734,282,33,2
3735,90,19,0
3736,54,34,3
3737,146,34,1
3738,282,45,2
3739,260,35,1
3740,6,19,0
3741,39,34,1
3742,265,42,1
3743,120,29,2
3744,72,33,0
3745,8,37,3
3746,55,42,1
3747,282,33,6
3748,80,35,1
3749,39,34,1
3750,204,34,0
3751,120,64,7
3752,47,60,0
3753,302,42,6
3754,258,61,2
3755,136,42,0
3756,267,34,1
3757,174,47,0
3758,245,3,1
3759,258,60,7
3760,246,34,6
3761,120,87,1
3762,65,80,1
3763,95,42,2
3764,263,50,0
3765,130,34,0
3766,258,56,4
3767,282,42,3
3768,6,33,1
3769,61,35,2
3770,123,35,2
3771,276,34,3
3772,61,60,2
3773,130,34,0
3774,6,43,1
3775,301,42,1
3776,195,34,0
3777,96,45,3
3778,302,60,2
3779,74,78,1
3780,282,35,1
3781,28,20,2
3782,202,35,0
3783,258,45,0
3784,202,62,1
3785,138,42,0
3786,302,63,2
3787,128,35,1
3788,212,60,1
3789,80,35,0
3790,61,60,0
3791,73,35,0
3792,96,46,0
3793,190,35,0
3794,147,29,1
3795,102,35,0
3796,42,45,0
3797,61,34,1
3798,6,68,0
3799,302,28,1
3800,123,36,2
3801,28,45,1
3802,135,4,0
3803,279,43,0
3804,27,34,1
3805,162,78,1
3806,223,34,0
3807,267,45,1
3808,6,45,0
3809,37,34,1
3810,73,41,3
3811,282,19,1
3812,141,43,2
3813,50,60,1
3814,122,33,0
3815,37,35,0
3816,77,41,5
3817,52,60,1
3818,52,5,1
3819,83,80,2
3820,275,42,0
3821,61,60,1
3822,223,60,0
3823,80,35,1
3824,282,44,4
3825,90,10,4
3826,121,31,0
3827,50,34,0
3828,61,35,0
3829,61,35,2
3830,256,34,3
3831,302,26,4
3832,131,35,0
3833,117,35,2
3834,6,80,1
3835,6,79,3
3836,61,35,2
3837,61,35,0
3838,63,35,1
3839,130,60,1
3840,63,60,2
3841,121,35,1
3842,96,45,5
3843,200,34,0
3844,279,32,0
3845,61,60,2
3846,61,68,0
3847,283,25,1
3848,215,34,1
3849,198,35,1
3850,61,60,1
3851,121,86,0
3852,282,33,1
3853,195,33,0
3854,6,32,1
3855,120,20,7
3856,55,60,0
3857,70,60,2
3858,39,60,2
3859,265,34,4
3860,74,55,0
3861,6,90,3
3862,255,35,0
3863,50,34,0
3864,6,34,5
3865,202,34,0
3866,6,51,5
3867,198,41,0
3868,61,60,1
3869,61,34,6
3870,6,12,1
3871,282,42,1
3872,76,34,0
3873,76,34,1
3874,76,34,0
3875,165,43,1
3876,282,40,1
3877,6,70,2
3878,8,17,2
3879,282,35,2
3880,258,61,2
3881,210,34,2
3882,34,85,1
3883,6,32,0
3884,6,29,0
3885,267,51,0
3886,8,28,2
3887,67,44,1
3888,55,10,3
3889,228,23,0
3890,280,29,1
3891,6,52,0
3892,80,34,0
3893,258,45,2
3894,278,36,0
3895,144,25,1
3896,121,4,0
3897,70,31,1
3898,80,34,2
3899,6,61,4
3900,267,31,9
3901,6,70,3
3902,120,42,4
3903,6,42,0
3904,6,64,14
3905,76,34,1
3906,139,37,4
3907,174,34,2
3908,52,60,0
3909,55,25,1
3910,80,60,2
3911,282,43,1
3912,195,34,0
3913,249,35,2
3914,270,31,1
3915,83,27,0
3916,157,31,0
3917,6,44,6
3918,121,17,1
3919,270,43,2
3920,237,21,1
3921,96,45,6
3922,198,35,0
3923,120,10,5
3924,42,60,0
3925,61,38,3
3926,51,34,0
3927,130,34,1
3928,138,35,0
3929,26,60,2
3930,58,75,2
3931,19,27,1
3932,197,56,1
3933,93,34,1
3934,6,32,3
3935,37,43,1
3936,117,45,3
3937,96,42,0
3938,31,35,2
3939,204,35,3
3940,208,34,1
3941,6,28,7
3942,96,34,1
3943,99,43,0
3944,102,46,0
3945,195,35,0
3946,254,45,4
3947,213,34,0
3948,92,35,0
3949,282,32,0
3950,223,35,0
3951,42,58,0
3952,258,86,0
3953,6,26,1
3954,71,5,1
3955,302,27,0
3956,7,45,0
3957,282,20,0
3958,6,27,2
3959,106,35,0
3960,121,36,3
3961,258,74,0
3962,6,27,4
3963,282,36,2
3964,6,41,0
3965,6,53,5
3966,283,39,0
3967,121,36,0
3968,91,34,0
3969,192,16,1
3970,283,20,0
3971,6,61,3
3972,263,43,3
3973,42,35,1
3974,282,43,5
3975,96,45,1
3976,6,20,1
3977,6,6,6
3978,193,34,0
3979,131,32,1
3980,136,35,1
3981,28,16,3
3982,6,32,3
3983,6,45,1
3984,6,18,1
3985,112,35,0
3986,6,35,1
3987,282,35,3
3988,61,60,2
3989,89,34,1
3990,39,34,3
3991,135,52,1
3992,6,72,3
3993,6,61,1
3994,63,35,1
3995,6,46,2
3996,6,42,3
3997,6,42,0
3998,271,35,1
3999,61,34,2
4000,63,34,0
4001,61,42,0
4002,28,34,0
4003,6,79,1
4004,228,2,6
4005,90,46,4
4006,240,3,1
4007,96,15,2
4008,280,79,2
4009,40,27,3
4010,282,19,3
4011,265,34,0
4012,96,8,0
4013,39,61,0
4014,223,35,4
4015,282,76,1
4016,6,6,9
4017,264,42,0
4018,256,33,1
4019,61,67,1
4020,302,29,2
4021,228,48,4
4022,6,87,3
4023,136,45,2
4024,70,32,3
4025,271,61,0
4026,202,34,2
4027,264,17,0
4028,257,34,2
4029,6,79,3
4030,137,71,0
4031,223,35,4
4032,204,35,1
4033,47,44,1
4034,6,33,0
4035,302,16,1
4036,291,34,0
4037,271,12,0
4038,64,16,3
4039,282,20,1
4040,6,32,1
4041,43,44,2
4042,6,69,1
4043,6,5,0
4044,279,17,0
4045,42,34,1
4046,6,88,2
4047,96,27,4
4048,61,60,3
4049,255,27,1
4050,204,35,1
4051,90,68,1
4052,90,54,5
4053,6,74,2
4054,247,60,1
4055,96,11,0
4056,6,32,2
4057,139,37,1
4058,70,34,2
4059,121,43,1
4060,282,51,0
4061,6,35,0
4062,282,54,1
4063,217,60,0
4064,6,80,2
4065,282,35,1
4066,282,4,1
4067,6,43,0
4068,120,12,0
4069,6,32,1
4070,0,32,2
4071,6,52,0
4072,139,63,1
4073,203,38,0
4074,96,45,1
4075,8,6,1
4076,96,44,2
4077,120,36,0
4078,212,60,1
4079,282,23,0
4080,197,33,0
4081,90,61,1
4082,212,34,2
4083,271,55,1
4084,75,64,1
4085,6,64,8
4086,80,49,1
4087,81,25,1
4088,6,79,1
4089,6,89,0
4090,138,45,4
4091,209,35,0
4092,223,18,0
4093,80,34,0
4094,277,61,1
4095,223,34,0
4096,12,35,1
4097,223,35,1
4098,121,35,1
4099,267,45,0
4100,248,34,0
4101,92,12,1
4102,37,35,1
4103,16,35,4
4104,49,34,0
4105,126,36,0
4106,282,69,2
4107,6,32,1
4108,83,45,0
4109,223,35,2
4110,214,4,1
4111,6,34,1
4112,96,45,3
4113,62,72,1
4114,57,43,0
4115,6,66,0
4116,6,79,3
4117,80,60,1
4118,282,68,0
4119,6,69,2
4120,208,35,0
4121,254,87,0
4122,283,45,0
4123,6,42,2
4124,282,5,0
4125,301,88,2
4126,6,42,8
4127,73,35,3
4128,282,54,5
4129,215,38,7
4130,223,34,1
4131,6,74,1
4132,138,45,0
4133,302,20,0
4134,302,32,1
4135,6,6,4
4136,119,15,3
4137,258,61,1
4138,182,68,2
4139,221,60,0
4140,61,64,1
4141,198,60,1
4142,283,78,1
4143,6,60,0
4144,6,33,2
4145,18,41,0
4146,302,5,0
4147,73,16,1
4148,120,27,3
4149,163,20,2
4150,130,44,0
4151,6,64,2
4152,48,34,0
4153,267,35,1
4154,64,60,0
4155,299,35,0
4156,265,25,2
4157,214,88,2
4158,6,42,1
4159,246,35,1
4160,283,19,1
4161,37,34,0
4162,120,68,1
4163,240,18,4
4164,301,43,1
4165,6,77,0
4166,6,42,4
4167,280,35,0
4168,96,42,3
4169,27,34,0
4170,127,33,0
4171,302,36,0
4172,173,61,1
4173,284,35,1
4174,91,45,2
4175,255,75,1
4176,58,60,1
4177,52,60,0
4178,207,38,2
4179,80,35,1
4180,37,34,0
4181,6,11,0
4182,246,60,1
4183,6,34,1
4184,102,34,1
4185,279,59,1
4186,83,35,1
4187,6,26,2
4188,90,70,3
4189,113,16,2
4190,265,19,1
4191,130,36,1
4192,203,36,1
4193,123,58,1
4194,31,34,0
4195,279,61,1
4196,6,60,0
4197,165,88,1
4198,120,60,1
4199,128,35,0
4200,267,36,1
4201,215,35,2
4202,212,34,3
4203,207,60,1
4204,98,26,0
4205,73,43,5
4206,90,44,2
4207,6,36,1
4208,223,35,2
4209,34,5,2
4210,302,29,2
4211,267,19,0
4212,61,35,1
4213,302,25,3
4214,6,23,5
4215,55,60,0
4216,267,10,2
4217,297,34,0
4218,138,35,0
4219,73,42,1
4220,128,35,2
4221,102,35,1
4222,6,27,5
4223,37,35,0
4224,37,60,0
4225,120,36,3
4226,52,34,0
4227,260,34,0
4228,265,35,1
4229,131,46,2
4230,61,60,1
4231,175,36,1
4232,278,21,2
4233,6,62,6
4234,258,6,3
4235,6,6,4
4236,223,34,1
4237,90,51,2
4238,6,56,2
4239,80,67,2
4240,63,32,1
4241,61,17,0
4242,120,49,1
4243,70,46,0
4244,132,35,1
4245,12,36,1
4246,6,45,8
4247,195,35,0
4248,280,20,3
4249,6,45,1
4250,6,36,7
4251,6,38,7
4252,83,4,1
4253,37,79,1
4254,6,54,5
4255,95,34,0
4256,174,60,1
4257,225,45,6
4258,120,41,4
4259,6,41,4
4260,138,55,7
4261,61,35,3
4262,80,4,0
4263,137,34,1
4264,39,33,0
4265,6,42,1
4266,281,44,2
4267,28,16,1
4268,6,34,1
4269,258,25,1
4270,138,20,3
4271,6,10,1
4272,7,34,1
4273,131,35,1
4274,138,60,2
4275,61,35,1
4276,70,35,1
4277,122,20,0
4278,200,45,2
4279,61,34,0
4280,278,53,1
4281,37,34,0
4282,254,43,2
4283,0,32,1
4284,80,60,1
4285,96,45,0
4286,6,35,0
4287,6,43,1
4288,266,22,0
4289,34,21,1
4290,54,35,0
4291,6,63,1
4292,70,49,1
4293,37,34,0
4294,114,86,0
4295,6,44,2
4296,121,6,4
4297,78,35,1
4298,73,51,0
4299,91,80,1
4300,121,33,1
4301,258,66,1
4302,172,26,1
4303,27,34,3
4304,165,35,2
4305,73,54,2
4306,37,34,0
4307,220,62,3
4308,58,60,0
4309,61,20,0
4310,196,37,2
4311,96,33,0
4312,6,45,0
4313,174,36,0
4314,16,34,0
4315,302,31,2
4316,73,42,0
4317,80,61,0
4318,96,26,1
4319,181,56,0
4320,63,34,1
4321,203,34,0
4322,227,58,1
4323,271,62,1
4324,131,34,0
4325,258,62,2
4326,258,62,2
4327,282,34,1
4328,232,25,7
4329,212,56,8
4330,131,88,3
4331,254,42,0
4332,164,33,3
4333,96,43,0
4334,283,80,1
4335,6,32,1
4336,258,62,1
4337,93,35,0
4338,270,60,0
4339,95,52,0
4340,282,35,1
4341,6,32,5
4342,302,29,0
4343,302,20,0
4344,302,46,1
4345,225,60,0
4346,234,32,6
4347,6,45,2
4348,6,20,0
4349,246,35,4
4350,118,44,0
4351,232,43,1
4352,6,11,0
4353,162,16,0
4354,210,35,1
4355,223,45,0
4356,123,60,1
4357,107,42,1
4358,195,37,0
4359,6,68,1
4360,258,6,1
4361,287,11,0
4362,6,11,0
4363,6,3,5
4364,6,19,2
4365,27,60,1
4366,246,45,0
4367,120,35,0
4368,234,16,1
4369,223,34,1
4370,138,36,1
4371,6,36,3
4372,267,45,1
4373,80,46,1
4374,223,34,0
4375,21,42,0
4376,28,16,0
4377,246,56,2
4378,120,35,1
4379,73,16,1
4380,37,22,0
4381,6,39,0
4382,52,60,0
4383,258,26,0
4384,136,33,3
4385,6,44,4
4386,83,35,0
4387,6,36,7
4388,61,60,1
4389,195,34,1
4390,195,35,0
4391,6,43,2
4392,302,19,2
4393,61,60,0
4394,6,64,2
4395,37,6,0
4396,138,34,0
4397,232,34,2
4398,192,35,0
4399,293,37,0
4400,260,34,1
4401,61,36,1
4402,6,3,5
4403,226,36,1
4404,6,73,1
4405,6,17,0
4406,120,55,1
4407,61,35,4
4408,265,33,1
4409,80,35,2
4410,198,34,0
4411,223,60,1
4412,138,35,0
4413,88,26,0
4414,140,5,2
4415,267,26,1
4416,267,3,1
4417,6,42,2
4418,121,9,5
4419,254,64,8
4420,122,20,1
4421,6,55,0
4422,217,60,0
4423,79,26,0
4424,55,56,0
4425,6,27,4
4426,230,27,3
4427,6,26,4
4428,6,42,2
4429,81,3,0
4430,215,35,4
4431,61,68,1
4432,138,60,2
4433,170,33,1
4434,85,34,0
4435,58,35,5
4436,136,60,2
4437,12,60,1
4438,27,35,1
4439,6,41,2
4440,6,6,3
4441,146,45,5
4442,269,35,3
4443,198,60,1
4444,6,26,3
4445,138,34,5
4446,120,86,0
4447,282,44,2
4448,6,20,0
4449,130,60,0
4450,42,62,0
4451,83,45,0
4452,121,33,1
4453,6,42,2
4454,61,34,2
4455,0,35,1
4456,208,34,0
4457,61,34,4
4458,130,35,1
4459,198,35,0
4460,7,34,1
4461,131,60,0
4462,6,16,0
4463,275,42,1
4464,202,34,0
4465,81,35,1
4466,6,10,0
4467,158,35,1
4468,80,60,1
4469,136,42,0
4470,8,77,1
4471,102,35,0
4472,137,64,0
4473,6,6,3
4474,120,35,5
4475,6,35,1
4476,260,34,6
4477,55,42,0
4478,223,34,0
4479,163,12,0
4480,102,33,0
4481,80,21,0
4482,37,34,0
4483,29,35,0
4484,284,15,5
4485,6,19,2
4486,108,34,2
4487,90,17,2
4488,61,35,3
4489,138,89,0
4490,45,34,1
4491,0,35,2
4492,63,60,0
4493,90,87,0
4494,6,70,1
4495,94,20,2
4496,195,55,0
4497,70,20,3
4498,130,33,4
4499,6,38,0
4500,195,34,1
4501,247,45,1
4502,8,6,0
4503,6,43,2
4504,121,60,0
4505,215,35,0
4506,98,20,0
4507,138,34,1
4508,6,38,1
4509,223,44,0
4510,223,35,0
4511,8,32,0
4512,130,55,1
4513,275,34,0
4514,258,80,0
4515,63,34,5
4516,6,9,5
4517,6,11,4
4518,232,19,0
4519,223,35,2
4520,225,34,1
4521,28,36,0
4522,254,79,0
4523,28,16,1
4524,102,56,8
4525,6,43,1
4526,174,34,2
4527,62,44,1
4528,47,34,1
4529,221,60,0
4530,215,45,2
4531,63,34,0
4532,162,35,1
4533,73,63,1
4534,43,42,0
4535,6,26,1
4536,6,17,1
4537,162,58,0
4538,6,42,1
4539,6,45,1
4540,223,60,1
4541,61,35,0
4542,271,45,2
4543,113,20,0
4544,75,34,1
4545,90,42,0
4546,145,43,0
4547,6,33,1
4548,136,58,2
4549,121,27,3
4550,61,44,1
4551,302,11,3
4552,122,32,0
4553,61,34,4
4554,37,45,0
4555,138,34,3
4556,59,35,0
4557,131,34,0
4558,99,35,0
4559,49,35,2
4560,6,18,9
4561,91,62,1
4562,117,62,0
4563,50,43,0
4564,296,60,4
4565,6,89,0
4566,254,36,1
4567,258,45,0
4568,63,34,0
4569,6,20,0
4570,204,34,0
4571,6,20,2
4572,6,57,4
4573,6,46,1
4574,136,35,2
4575,6,75,3
4576,61,34,0
4577,142,34,0
4578,6,32,2
4579,6,35,1
4580,120,61,1
4581,214,56,8
4582,6,34,0
4583,282,61,0
4584,6,35,2
4585,6,35,1
4586,302,19,0
4587,6,34,1
4588,6,6,1
4589,6,42,2
4590,138,43,0
4591,6,54,4
4592,6,45,1
4593,285,58,1
4594,116,56,9
4595,102,60,0
4596,96,77,1
4597,131,35,1
4598,282,16,3
4599,27,34,0
4600,6,16,0
4601,205,35,0
4602,213,35,1
4603,138,35,1
4604,131,69,1
4605,63,34,2
4606,26,35,1
4607,62,32,1
4608,6,32,1
4609,6,58,2
4610,6,49,6
4611,133,35,1
4612,37,35,1
4613,61,35,0
4614,128,34,1
4615,239,56,2
4616,90,54,1
4617,120,34,1
4618,132,62,0
4619,80,53,0
4620,55,42,0
4621,6,40,2
4622,6,69,0
4623,282,34,0
4624,177,33,0
4625,61,35,0
4626,251,35,1
4627,61,35,0
4628,55,60,0
4629,37,28,0
4630,117,34,1
4631,6,27,3
4632,301,27,1
4633,102,56,2
4634,212,61,0
4635,136,35,0
4636,31,5,1
4637,63,34,1
4638,6,58,1
4639,119,36,2
4640,255,35,1
4641,254,26,1
4642,48,34,0
4643,136,25,1
4644,190,34,0
4645,6,32,2
4646,130,35,0
4647,73,35,1
4648,246,35,0
4649,131,12,0
4650,197,6,1
4651,6,34,2
4652,251,35,0
4653,61,35,3
4654,282,44,2
4655,223,34,2
4656,282,61,0
4657,223,60,1
4658,61,46,1
4659,302,20,1
4660,63,20,3
4661,63,45,2
4662,6,43,0
4663,293,44,1
4664,6,18,1
4665,282,32,1
4666,258,17,2
4667,105,34,1
4668,302,86,0
4669,130,34,0
4670,6,38,1
4671,6,45,2
4672,6,20,3
4673,6,36,2
4674,300,26,2
4675,37,34,0
4676,258,62,2
4677,80,60,0
4678,212,19,0
4679,214,34,0
4680,6,87,1
4681,218,60,1
4682,212,44,0
4683,6,3,2
4684,61,35,1
4685,60,35,3
4686,6,61,1
4687,271,56,0
4688,282,35,0
4689,6,86,2
4690,282,35,0
4691,6,29,3
4692,282,54,2
4693,6,38,5
4694,27,34,0
4695,6,35,2
4696,282,60,2
4697,6,3,2
4698,61,35,5
4699,61,35,0
4700,61,37,0
4701,80,60,1
4702,288,52,0
4703,37,34,0
4704,6,87,0
4705,302,35,3
4706,55,34,1
4707,307,64,0
4708,301,32,1
4709,6,38,3
4710,6,71,1
4711,61,35,0
4712,28,45,0
4713,214,38,3
4714,254,55,1
4715,6,56,8
4716,6,34,0
4717,130,44,1
4718,6,27,0
4719,282,40,4
4720,54,32,1
4721,6,38,2
4722,6,64,0
4723,37,34,0
4724,2,38,2
4725,302,58,0
4726,223,35,4
4727,138,35,1
4728,308,35,3
4729,37,34,1
4730,306,26,1
4731,282,42,5
4732,254,35,8
4733,295,35,0
4734,301,54,1
4735,254,45,0
4736,102,45,1
4737,282,20,2
4738,148,49,1
4739,42,89,2
4740,6,87,1
4741,136,35,1
4742,48,34,0
4743,6,69,1
4744,162,54,1
4745,6,83,9
4746,121,42,0
4747,6,18,3
4748,31,72,1
4749,139,35,2
4750,312,44,0
4751,6,69,0
4752,80,42,1
4753,301,32,1
4754,146,35,1
4755,71,43,0
4756,61,34,1
4757,62,49,1
4758,37,34,0
4759,309,54,2
4760,42,10,1
4761,282,75,3
4762,254,18,3
4763,282,87,2
4764,6,6,3
4765,254,44,1
4766,138,45,1
4767,50,34,0
4768,244,20,0
4769,55,34,2
4770,7,35,2
4771,94,16,4
4772,254,6,2
4773,45,58,0
4774,113,45,2
4775,96,16,10
4776,282,61,2
4777,135,25,1
4778,203,34,0
4779,6,38,1
4780,136,20,1
4781,96,45,1
4782,282,35,4
4783,302,34,2
4784,6,60,0
4785,258,72,1
4786,308,32,0
4787,201,10,0
4788,73,64,3
4789,6,34,2
4790,302,20,0
4791,302,80,0
4792,61,34,2
4793,282,46,1
4794,80,45,0
4795,213,35,1
4796,174,36,0
4797,295,37,0
4798,134,32,3
4799,282,44,2
4800,223,35,0
4801,12,35,1
4802,6,43,0
4803,96,42,2
4804,64,46,1
4805,302,34,1
4806,6,42,2
4807,80,26,2
4808,120,34,5
4809,271,60,1
4810,186,47,0
4811,61,72,1
4812,6,55,1
4813,6,39,0
4814,61,34,1
4815,80,27,0
4816,6,61,1
4817,6,6,2
4818,146,34,0
4819,63,60,0
4820,157,6,1
4821,282,36,1
4822,234,32,1
4823,301,58,0
4824,120,19,4
4825,6,60,0
4826,282,35,7
4827,139,46,1
4828,37,35,1
4829,282,34,0
4830,29,34,0
4831,6,10,1
4832,6,75,1
4833,31,35,1
4834,282,35,2
4835,282,26,1
4836,258,52,1
4837,55,6,2
4838,6,20,0
4839,183,60,0
4840,246,25,5
4841,50,34,0
4842,202,33,0
4843,282,44,2
4844,128,44,0
4845,6,34,1
4846,282,69,0
4847,96,45,3
4848,237,43,1
4849,258,26,1
4850,37,34,0
4851,128,35,0
4852,39,55,1
4853,67,60,3
4854,282,70,3
4855,246,81,1
4856,19,31,1
4857,136,38,1
4858,195,35,5
4859,50,56,2
4860,282,87,2
4861,6,38,1
4862,6,79,3
4863,89,11,1
4864,138,45,0
4865,177,47,0
4866,282,44,1
4867,251,33,1
4868,273,43,0
4869,128,35,0
4870,269,34,1
4871,294,44,0
4872,6,29,1
4873,246,34,2
4874,120,34,1
4875,6,88,0
4876,64,75,0
4877,306,33,0
4878,6,28,0
4879,302,86,0
4880,213,34,0
4881,136,84,2
4882,246,33,0
4883,282,21,2
4884,6,34,3
4885,6,20,0
4886,224,27,2
4887,6,25,1
4888,63,34,0
4889,282,20,0
4890,6,51,1
4891,71,51,0
4892,282,32,1
4893,6,17,0
4894,301,35,6
4895,6,38,0
4896,282,31,0
4897,214,11,0
4898,80,17,1
4899,6,17,3
4900,6,51,0
4901,6,60,5
4902,6,60,1
4903,136,70,1
4904,302,31,1
4905,61,35,1
4906,136,35,1
4907,301,62,0
4908,6,36,5
4909,61,60,2
4910,37,6,0
4911,107,64,0
4912,6,44,0
4913,6,61,2
4914,243,75,0
4915,27,34,0
4916,282,17,1
4917,282,44,1
4918,6,43,1
4919,223,34,0
4920,63,34,1
4921,8,34,0
4922,6,43,0
4923,221,34,2
4924,6,26,0
4925,282,45,1
4926,61,35,0
4927,6,32,0
4928,282,43,0
4929,282,19,2
4930,271,69,1
4931,301,62,0
4932,6,36,1
4933,246,35,0
4934,139,32,0
4935,50,35,0
4936,63,35,0
4937,282,34,1
4938,33,34,0
4939,130,35,0
4940,2,38,0
4941,96,45,0
4942,272,34,0
4943,128,36,3
4944,282,45,0
4945,302,33,1
4946,282,44,0
4947,301,62,0
4948,120,34,5
4949,246,35,1
4950,282,35,0
4951,138,35,0
4952,39,35,1
4953,130,34,0
4954,6,41,1
4955,282,35,0
4956,6,34,0
4957,254,43,2
4958,200,60,0
4959,133,34,0
4960,282,49,1
4961,293,58,0
4962,120,34,1
4963,282,47,1
4964,282,60,1
4965,138,58,0
4966,137,34,0
4967,161,17,0
4968,6,61,0
4969,61,60,0
4970,6,45,1
4971,98,32,0
4972,223,60,0
4973,6,87,0
4974,282,35,0
4975,283,36,0
4976,102,55,0
4977,63,60,0
4978,14,34,0
4979,136,61,0
4980,6,36,0
4981,96,42,1
4982,6,35,1
4983,282,34,0
4984,299,36,1
4985,282,31,1
4986,6,36,0
4987,7,55,0
4988,61,34,0
4989,163,12,0
4990,6,46,0
4991,121,60,1
4992,172,47,0
4993,6,28,2
4994,164,47,0
4995,16,60,0
4996,6,46,0
4997,6,32,0
4998,175,44,0
4999,306,33,0
5000,183,45,1
5001,121,47,0
5002,93,27,0
5003,8,22,0
5004,282,42,0
5005,138,60,0
5006,6,46,0
5007,215,44,0
5008,295,60,0
5009,215,35,0
5010,6,11,0
5011,131,6,0
5012,283,42,1
5013,6,63,0
5014,6,32,0
5015,223,64,0
5016,254,43,0
5017,6,36,0
5018,61,3,0
5019,283,35,0
5020,6,79,1
5021,314,38,0
5022,63,34,0
5023,270,46,2
5024,270,46,1
5025,246,35,0
5026,6,79,0
5027,6,77,0
5028,55,42,0
5029,19,69,1
5030,58,35,0
5031,282,35,0
5032,282,33,0
5033,120,6,9
5034,120,69,1
5035,48,44,0
5036,114,34,1
5037,6,89,0
5038,6,42,0
5039,6,70,0
5040,272,35,1
5041,120,34,2
5042,96,45,0
5043,120,35,0
